"nest_id","nest_id_num","status","nest_long_utm","nest_lat_utm","active_2013","active_2014","active_2015","active_2016"
"600A",6000001,"intact",359633,4771301,NA,NA,NA,NA
"488A",4880001,"historic",348175,4824581,NA,NA,NA,NA
"488B",4880002,"intact",348118,4824378,NA,NA,NA,NA
"549A",5490001,"intact",373979,4826105,NA,NA,NA,NA
"549B",5490002,"intact",375304,4823904,NA,NA,NA,NA
"547A",5470001,"intact",388950,4824157,NA,NA,NA,NA
"561A",5610001,"historic",396122,4826305,NA,NA,NA,NA
"453A",4530001,"historic",360609,4867455,NA,NA,NA,NA
"453B",4530002,"intact",360549,4867556,NA,NA,NA,NA
"529A",5290001,"intact",371351,4862925,NA,NA,NA,NA
"632A",6320001,"historic",375533,4852043,NA,NA,NA,NA
"376A",3760001,"intact",386158,4858800,NA,NA,NA,NA
"230A",2300001,"historic",345344,4889351,NA,NA,NA,NA
"454A",4540001,"intact",390304,4877521,NA,NA,NA,NA
"099A",990001,"historic",415188,4840290,NA,NA,NA,NA
"497A",4970001,"historic",414923,4846432,NA,NA,NA,NA
"497B",4970002,"historic",415070,4846228,NA,NA,NA,NA
"268A",2680001,"historic",408593,4849861,NA,NA,NA,NA
"268B",2680002,"historic",409592,4849530,NA,NA,NA,NA
"268C",2680003,"intact",409272,4849370,NA,NA,NA,NA
"202A",2020001,"historic",414585,4850896,NA,NA,NA,NA
"202C",2020003,"historic",415553,4851470,NA,NA,NA,NA
"202B",2020002,"historic",415789,4851729,NA,NA,NA,NA
"202D",2020004,"intact",415826,4851874,NA,NA,NA,NA
"599A",5990001,"intact",412438,4873668,NA,NA,NA,NA
"334A",3340001,"intact",410227,4871635,NA,NA,NA,NA
"334B",3340002,"historic",409867,4871014,NA,NA,NA,NA
"562A",5620001,"historic",405746,4875206,NA,NA,NA,NA
"562B",5620002,"intact",406134,4874788,NA,NA,NA,NA
"510A",5100001,"intact",403890,4879491,NA,NA,NA,NA
"510B",5100002,"historic",403783,4878875,NA,NA,NA,NA
"626A",6260001,"intact",402074,4884096,NA,NA,NA,NA
"408A",4080001,"historic",403447,4888747,NA,NA,NA,NA
"408B",4080002,"intact",403080,4889238,NA,NA,NA,NA
"407A",4070001,"historic",412183,4890847,NA,NA,NA,NA
"407B",4070002,"intact",412056,4890970,NA,NA,NA,NA
"407C",4070003,"historic",412080,4891271,NA,NA,NA,NA
"274A",2740001,"historic",403559,4892227,NA,NA,NA,NA
"274B",2740002,"intact",403720,4892037,NA,NA,NA,NA
"257A",2570001,"intact",424531,4854357,NA,NA,NA,NA
"257B",2570002,"intact",423730,4854464,NA,NA,NA,NA
"316A",3160001,"historic",427288,4857327,NA,NA,NA,NA
"316B",3160002,"historic",427320,4857417,NA,NA,NA,NA
"316C",3160003,"intact",427913,4856892,NA,NA,NA,NA
"316D",3160004,"historic",427873,4856673,NA,NA,NA,NA
"588A",5880001,"intact",426916,4851833,NA,NA,NA,NA
"530A",5300001,"intact",424371,4848169,NA,NA,NA,NA
"396A",3960001,"intact",429110,4847760,NA,NA,NA,NA
"345A",3450001,"historic",434170,4858280,NA,NA,NA,NA
"345B",3450002,"intact",434163,4858121,NA,NA,NA,NA
"345C",3450003,"intact",434193,4858230,NA,NA,NA,NA
"168A",1680001,"historic",435617,4854498,NA,NA,NA,NA
"168B",1680002,"historic",435484,4854073,NA,NA,NA,NA
"168C",1680003,"historic",435509,4854127,NA,NA,NA,NA
"168D",1680004,"intact",435832,4853954,NA,NA,NA,NA
"290A",2900001,"historic",435495,4850646,NA,NA,NA,NA
"290B",2900002,"intact",435523,4850932,NA,NA,NA,NA
"432A",4320001,"historic",438389,4844163,NA,NA,NA,NA
"432B",4320002,"intact",438462,4844244,NA,NA,NA,NA
"589A",5890001,"intact",445650,4849175,NA,NA,NA,NA
"292A",2920001,"historic",453004,4847188,NA,NA,NA,NA
"292B",2920002,"historic",452903,4847192,NA,NA,NA,NA
"292C",2920003,"intact",452885,4847080,NA,NA,NA,NA
"249A",2490001,"historic",445370,4856278,NA,NA,NA,NA
"249B",2490002,"historic",445210,4854658,NA,NA,NA,NA
"249C",2490003,"historic",445226,4854560,NA,NA,NA,NA
"249D",2490004,"intact",445308,4854715,NA,NA,NA,NA
"013F",130006,"historic",439328,4859026,NA,NA,NA,NA
"013G",130007,"intact",441021,4859285,NA,NA,NA,NA
"494A",4940001,"intact",436134,4862418,NA,NA,NA,NA
"494B",4940002,"historic",436841,4862070,NA,NA,NA,NA
"494C",4940003,"historic",436922,4861960,NA,NA,NA,NA
"424A",4240001,"intact",442011,4863528,NA,NA,NA,NA
"240B",2400002,"intact",446899,4863163,NA,NA,NA,NA
"240A",2400001,"historic",447384,4864690,NA,NA,NA,NA
"013D",130004,"historic",437853,4860460,NA,NA,NA,NA
"013E",130005,"historic",439136,4861061,NA,NA,NA,NA
"013C",130003,"historic",439217,4860990,NA,NA,NA,NA
"431A",4310001,"intact",446111,4870679,NA,NA,NA,NA
"563A",5630001,"intact",445581,4868615,NA,NA,NA,NA
"012A",120001,"historic",437276,4867320,NA,NA,NA,NA
"012B",120002,"historic",438546,4866650,NA,NA,NA,NA
"351A",3510001,"intact",435313,4866116,NA,NA,NA,NA
"011A",110001,"historic",433322,4866804,NA,NA,NA,NA
"011D",110004,"historic",433355,4866870,NA,NA,NA,NA
"531C",5310003,"historic",432481,4868860,NA,NA,NA,NA
"531B",5310002,"historic",433219,4869290,NA,NA,NA,NA
"011H",110008,"intact",433819,4867610,NA,NA,NA,NA
"011G",110007,"historic",434031,4867560,NA,NA,NA,NA
"011I",110009,"intact",434039,4867420,NA,NA,NA,NA
"011E",110005,"historic",434042,4867290,NA,NA,NA,NA
"011F",110006,"historic",434089,4867423,NA,NA,NA,NA
"459A",4590001,"historic",430758,4867556,NA,NA,NA,NA
"459B",4590002,"historic",430784,4867560,NA,NA,NA,NA
"459C",4590003,"intact",430793,4867605,NA,NA,NA,NA
"459D",4590004,"intact",430793,4867585,NA,NA,NA,NA
"531A",5310001,"intact",431139,4870018,NA,NA,NA,NA
"178C",1780003,"intact",429403,4868910,NA,NA,NA,NA
"178A",1780001,"historic",429444,4868950,NA,NA,NA,NA
"178E",1780005,"historic",429395,4868945,NA,NA,NA,NA
"178D",1780004,"intact",429429,4868966,NA,NA,NA,NA
"204A",2040001,"historic",427336,4866740,NA,NA,NA,NA
"522A",5220001,"intact",429153,4872952,NA,NA,NA,NA
"522B",5220002,"intact",428905,4872821,NA,NA,NA,NA
"009F",90006,"historic",433408,4873082,NA,NA,NA,NA
"009B",90002,"historic",433972,4872804,NA,NA,NA,NA
"009E",90005,"historic",433857,4872719,NA,NA,NA,NA
"204B",2040002,"intact",428558,4865804,NA,NA,NA,NA
"204C",2040003,"historic",429153,4865980,NA,NA,NA,NA
"010A",100001,"historic",431340,4871070,NA,NA,NA,NA
"010B",100002,"historic",431326,4871020,NA,NA,NA,NA
"010E",100005,"intact",431311,4870970,NA,NA,NA,NA
"009D",90004,"historic",436420,4874320,NA,NA,NA,NA
"009A",90001,"historic",435300,4874830,NA,NA,NA,NA
"009C",90003,"historic",435209,4874650,NA,NA,NA,NA
"008H",80008,"historic",434772,4876260,NA,NA,NA,NA
"008I",80009,"historic",435132,4876180,NA,NA,NA,NA
"008C",80003,"historic",437867,4876010,NA,NA,NA,NA
"008G",80007,"historic",435523,4876990,NA,NA,NA,NA
"008A",80001,"historic",435939,4877640,NA,NA,NA,NA
"008D",80004,"historic",436245,4877250,NA,NA,NA,NA
"008F",80006,"historic",436467,4878004,NA,NA,NA,NA
"008E",80005,"historic",436522,4877816,NA,NA,NA,NA
"008B",80002,"intact",436419,4877490,NA,NA,NA,NA
"008J",80010,"intact",436399,4877455,NA,NA,NA,NA
"607A",6070001,"intact",438869,4879681,NA,NA,NA,NA
"607B",6070002,"intact",438677,4879402,NA,NA,NA,NA
"007A",70001,"intact",436986,4880270,NA,NA,NA,NA
"007C",70003,"historic",437126,4880170,NA,NA,NA,NA
"007B",70002,"historic",436453,4879710,NA,NA,NA,NA
"007D",70004,"historic",436251,4879430,NA,NA,NA,NA
"597A",5970001,"intact",436707,4882003,NA,NA,NA,NA
"102B",1020002,"intact",438436,4883675,NA,NA,NA,NA
"102A",1020001,"historic",439231,4883940,NA,NA,NA,NA
"618A",6180001,"intact",438617,4885809,NA,NA,NA,NA
"192B",1920002,"intact",439070,4887360,NA,NA,NA,NA
"192A",1920001,"historic",439086,4887330,NA,NA,NA,NA
"601A",6010001,"intact",439111,4889031,NA,NA,NA,NA
"006B",60002,"intact",439962,4891875,NA,NA,NA,NA
"005B",50002,"historic",439421,4890980,NA,NA,NA,NA
"005C",50003,"historic",439359,4890880,NA,NA,NA,NA
"005D",50004,"intact",439363,4890910,NA,NA,NA,NA
"006A",60001,"historic",442656,4892090,NA,NA,NA,NA
"465A",4650001,"intact",454502,4896875,NA,NA,NA,NA
"541C",5410003,"intact",438945,4896197,NA,NA,NA,NA
"317A",3170001,"historic",447566,4906387,NA,NA,NA,NA
"317B",3170002,"intact",447488,4906476,NA,NA,NA,NA
"004C",40003,"intact",436616,4902570,NA,NA,NA,NA
"004B",40002,"historic",436657,4902860,NA,NA,NA,NA
"004A",40001,"historic",437344,4903150,NA,NA,NA,NA
"630A",6300001,"historic",416115,4898501,NA,NA,NA,NA
"333B",3330002,"historic",421881,4902800,NA,NA,NA,NA
"333A",3330001,"intact",421902,4902780,NA,NA,NA,NA
"333C",3330003,"historic",422394,4901625,NA,NA,NA,NA
"003A",30001,"historic",422475,4898700,NA,NA,NA,NA
"003C",30003,"intact",425194,4898910,NA,NA,NA,NA
"568A",5680001,"intact",439803,4911066,NA,NA,NA,NA
"587A",5870001,"historic",423824,4910409,NA,NA,NA,NA
"410A",4100001,"historic",427807,4905582,NA,NA,NA,NA
"410B",4100002,"intact",428927,4908583,NA,NA,NA,NA
"410C",4100003,"intact",429429,4909193,NA,NA,NA,NA
"443A",4430001,"historic",442055,4914746,NA,NA,NA,NA
"443B",4430002,"historic",442058,4914703,NA,NA,NA,NA
"383A",3830001,"intact",451996,4913290,NA,NA,NA,NA
"538A",5380001,"historic",444487,4921330,NA,NA,NA,NA
"537A",5370001,"intact",408275,4914862,NA,NA,NA,NA
"308A",3080001,"intact",449056,4918060,NA,NA,NA,NA
"341A",3410001,"historic",417945,4928430,NA,NA,NA,NA
"341B",3410002,"historic",417344,4926356,NA,NA,NA,NA
"244B",2440002,"intact",434628,4923486,NA,NA,NA,NA
"244C",2440003,"intact",436278,4924729,NA,NA,NA,NA
"262A",2620001,"historic",445339,4924220,NA,NA,NA,NA
"262B",2620002,"historic",445136,4924314,NA,NA,NA,NA
"244A",2440001,"historic",435151,4922940,NA,NA,NA,NA
"591A",5910001,"intact",441440,4931151,NA,NA,NA,NA
"416B",4160002,"intact",438527,4931488,NA,NA,NA,NA
"416A",4160001,"intact",438398,4931007,NA,NA,NA,NA
"001A",10001,"historic",433553,4930140,NA,NA,NA,NA
"539A",5390001,"intact",434723,4936300,NA,NA,NA,NA
"287C",2870003,"historic",432227,4940971,NA,NA,NA,NA
"287B",2870002,"intact",432686,4940307,NA,NA,NA,NA
"287A",2870001,"historic",432605,4940670,NA,NA,NA,NA
"559A",5590001,"intact",437773,4952093,NA,NA,NA,NA
"491A",4910001,"historic",449164,4931167,NA,NA,NA,NA
"491B",4910002,"historic",449079,4931128,NA,NA,NA,NA
"512A",5120001,"historic",453284,4933002,NA,NA,NA,NA
"555B",5550002,"historic",449145,4933538,NA,NA,NA,NA
"555A",5550001,"historic",451404,4935000,NA,NA,NA,NA
"251B",2510002,"historic",455439,4935040,NA,NA,NA,NA
"251A",2510001,"intact",455516,4935138,NA,NA,NA,NA
"251C",2510003,"historic",455996,4934985,NA,NA,NA,NA
"251D",2510004,"intact",455926,4934950,NA,NA,NA,NA
"278C",2780003,"intact",453282,4939183,NA,NA,NA,NA
"278A",2780001,"historic",453779,4940140,NA,NA,NA,NA
"278B",2780002,"intact",453722,4940161,NA,NA,NA,NA
"540A",5400001,"historic",461691,4941713,NA,NA,NA,NA
"291A",2910001,"intact",429562,4957600,NA,NA,NA,NA
"414A",4140001,"intact",445201,4957377,NA,NA,NA,NA
"414B",4140002,"intact",445216,4957465,NA,NA,NA,NA
"203A",2030001,"historic",470554,4954470,NA,NA,NA,NA
"203B",2030002,"intact",467165,4951370,NA,NA,NA,NA
"513A",5130001,"intact",469142,4962455,NA,NA,NA,NA
"513B",5130002,"intact",469051,4962800,NA,NA,NA,NA
"514A",5140001,"intact",431133,4965998,NA,NA,NA,NA
"270D",2700004,"historic",474790,4943047,NA,NA,NA,NA
"270C",2700003,"historic",474825,4943002,NA,NA,NA,NA
"270E",2700005,"intact",474164,4942957,NA,NA,NA,NA
"270F",2700006,"intact",474396,4942318,NA,NA,NA,NA
"423A",4230001,"intact",475038,4928344,NA,NA,NA,NA
"433A",4330001,"historic",416920,4979503,NA,NA,NA,NA
"433B",4330002,"intact",415787,4979208,NA,NA,NA,NA
"380A",3800001,"historic",432939,4983101,NA,NA,NA,NA
"380B",3800002,"intact",430816,4981666,NA,NA,NA,NA
"415A",4150001,"historic",431292,4978064,NA,NA,NA,NA
"112A",1120001,"historic",429345,4983810,NA,NA,NA,NA
"509A",5090001,"historic",429662,4989952,NA,NA,NA,NA
"509B",5090002,"historic",429749,4990143,NA,NA,NA,NA
"231A",2310001,"historic",459145,4974842,NA,NA,NA,NA
"231B",2310002,"historic",459371,4974280,NA,NA,NA,NA
"231C",2310003,"intact",457895,4974569,NA,NA,NA,NA
"275C",2750003,"historic",474512,4980930,NA,NA,NA,NA
"275A",2750001,"historic",477174,4983767,NA,NA,NA,NA
"275B",2750002,"historic",477309,4983823,NA,NA,NA,NA
"275D",2750004,"intact",478471,4984100,NA,NA,NA,NA
"281A",2810001,"intact",391353,5011110,NA,NA,NA,NA
"483B",4830002,"historic",387367,5004060,NA,NA,NA,NA
"156A",1560001,"historic",391519,5008350,NA,NA,NA,NA
"156E",1560005,"intact",389263,5008018,NA,NA,NA,NA
"156D",1560004,"historic",389574,5007435,NA,NA,NA,NA
"156B",1560002,"historic",389339,5006624,NA,NA,NA,NA
"302A",3020001,"intact",396894,5004160,NA,NA,NA,NA
"301A",3010001,"historic",422378,5004675,NA,NA,NA,NA
"301B",3010002,"historic",422477,5003879,NA,NA,NA,NA
"377A",3770001,"intact",421975,5008617,NA,NA,NA,NA
"482A",4820001,"intact",398700,5027202,NA,NA,NA,NA
"309A",3090001,"historic",401404,5045800,NA,NA,NA,NA
"309B",3090002,"intact",401476,5045840,NA,NA,NA,NA
"560A",5600001,"intact",389947,5048538,NA,NA,NA,NA
"444A",4440001,"intact",398900,5052519,NA,NA,NA,NA
"436A",4360001,"intact",408952,5054623,NA,NA,NA,NA
"320A",3200001,"historic",420781,5077311,NA,NA,NA,NA
"515A",5150001,"intact",404287,5089078,NA,NA,NA,NA
"543A",5430001,"intact",469856,4999095,NA,NA,NA,NA
"355A",3550001,"historic",474812,5016030,NA,NA,NA,NA
"355B",3550002,"intact",473944,5015454,NA,NA,NA,NA
"184B",1840002,"intact",527934,4995230,NA,NA,NA,NA
"184A",1840001,"historic",527873,4995100,NA,NA,NA,NA
"460A",4600001,"intact",529565,4998727,NA,NA,NA,NA
"095B",950002,"intact",528965,5001396,NA,NA,NA,NA
"095C",950003,"historic",529100,5001663,NA,NA,NA,NA
"584A",5840001,"intact",529710,5002810,NA,NA,NA,NA
"304B",3040002,"historic",529250,5005334,NA,NA,NA,NA
"304C",3040003,"historic",529635,5004894,NA,NA,NA,NA
"304A",3040001,"historic",529604,5004450,NA,NA,NA,NA
"304D",3040004,"intact",529629,5004358,NA,NA,NA,NA
"213A",2130001,"intact",528843,5009476,NA,NA,NA,NA
"096A",960001,"historic",527575,5015043,NA,NA,NA,NA
"096B",960002,"historic",528268,5015181,NA,NA,NA,NA
"096C",960003,"intact",528378,5014486,NA,NA,NA,NA
"331A",3310001,"intact",534955,5013041,NA,NA,NA,NA
"338A",3380001,"historic",530111,5018150,NA,NA,NA,NA
"338C",3380003,"intact",530763,5018781,NA,NA,NA,NA
"338B",3380002,"historic",530728,5018757,NA,NA,NA,NA
"619A",6190001,"intact",542920,5022431,NA,NA,NA,NA
"629A",6290001,"intact",542758,5011724,NA,NA,NA,NA
"468A",4680001,"intact",545999,5018118,NA,NA,NA,NA
"666A",6660001,"historic",534366,5022688,NA,NA,NA,NA
"154C",1540003,"intact",535594,5023630,NA,NA,NA,NA
"154B",1540002,"historic",536123,5024363,NA,NA,NA,NA
"666B",6660002,"intact",534778,5022884,NA,NA,NA,NA
"149C",1490003,"intact",537769,5025885,NA,NA,NA,NA
"149A",1490001,"historic",538375,5026160,NA,NA,NA,NA
"386A",3860001,"historic",538954,5026544,NA,NA,NA,NA
"386B",3860002,"intact",538810,5027179,NA,NA,NA,NA
"323A",3230001,"intact",540330,5029540,NA,NA,NA,NA
"448A",4480001,"intact",543272,5031697,NA,NA,NA,NA
"627A",6270001,"intact",545124,5033174,NA,NA,NA,NA
"151B",1510002,"historic",546055,5035066,NA,NA,NA,NA
"151A",1510001,"intact",546375,5034386,NA,NA,NA,NA
"208A",2080001,"historic",549464,5041031,NA,NA,NA,NA
"269A",2690001,"historic",548895,5042920,NA,NA,NA,NA
"269B",2690002,"intact",549041,5042790,NA,NA,NA,NA
"269C",2690003,"intact",548378,5043091,NA,NA,NA,NA
"190A",1900001,"historic",546806,5045232,NA,NA,NA,NA
"190B",1900002,"historic",546439,5044938,NA,NA,NA,NA
"190C",1900003,"historic",546920,5044928,NA,NA,NA,NA
"190D",1900004,"historic",546995,5045029,NA,NA,NA,NA
"190E",1900005,"intact",546908,5044988,NA,NA,NA,NA
"628A",6280001,"intact",539025,5048771,NA,NA,NA,NA
"097A",970001,"historic",541959,5048912,NA,NA,NA,NA
"387B",3870002,"historic",542699,5048046,NA,NA,NA,NA
"387A",3870001,"intact",543015,5048335,NA,NA,NA,NA
"097D",970004,"intact",542562,5048874,NA,NA,NA,NA
"498A",4980001,"historic",536321,5050346,NA,NA,NA,NA
"498B",4980002,"intact",536453,5050256,NA,NA,NA,NA
"214A",2140001,"historic",533864,5051514,NA,NA,NA,NA
"214D",2140004,"intact",531845,5052587,NA,NA,NA,NA
"214B",2140002,"historic",529115,5053840,NA,NA,NA,NA
"098C",980003,"historic",529541,5054212,NA,NA,NA,NA
"289B",2890002,"historic",527319,5053600,NA,NA,NA,NA
"236C",2360003,"historic",525328,5052514,NA,NA,NA,NA
"236D",2360004,"intact",524900,5051811,NA,NA,NA,NA
"236A",2360001,"intact",525673,5053904,NA,NA,NA,NA
"289C",2890003,"intact",528211,5054803,NA,NA,NA,NA
"289A",2890001,"historic",528252,5055172,NA,NA,NA,NA
"098D",980004,"intact",528309,5056104,NA,NA,NA,NA
"098A",980001,"historic",528786,5056010,NA,NA,NA,NA
"098E",980005,"intact",528614,5056043,NA,NA,NA,NA
"613A",6130001,"intact",519692,5054270,NA,NA,NA,NA
"141A",1410001,"intact",518546,5053150,NA,NA,NA,NA
"141B",1410002,"historic",518775,5052338,NA,NA,NA,NA
"141C",1410003,"intact",518842,5053050,NA,NA,NA,NA
"385A",3850001,"intact",516432,5053892,NA,NA,NA,NA
"175A",1750001,"historic",506387,5037150,NA,NA,NA,NA
"175B",1750002,"intact",507584,5036820,NA,NA,NA,NA
"462A",4620001,"intact",521112,5039854,NA,NA,NA,NA
"176A",1760001,"intact",525077,5036850,NA,NA,NA,NA
"245A",2450001,"historic",507542,5053210,NA,NA,NA,NA
"245B",2450002,"intact",505552,5052697,NA,NA,NA,NA
"285B",2850002,"intact",509337,5061660,NA,NA,NA,NA
"285A",2850001,"intact",509529,5062030,NA,NA,NA,NA
"299A",2990001,"intact",553518,5058653,NA,NA,NA,NA
"350A",3500001,"intact",568921,5044900,NA,NA,NA,NA
"174B",1740002,"intact",525084,5026253,NA,NA,NA,NA
"174A",1740001,"historic",523828,5027301,NA,NA,NA,NA
"332A",3320001,"intact",475421,5058580,NA,NA,NA,NA
"389A",3890001,"intact",471556,5071091,NA,NA,NA,NA
"134A",1340001,"historic",476644,5076211,NA,NA,NA,NA
"134B",1340002,"historic",476578,5075998,NA,NA,NA,NA
"358A",3580001,"historic",476787,5081060,NA,NA,NA,NA
"120A",1200001,"historic",491784,5079800,NA,NA,NA,NA
"264A",2640001,"intact",481438,5082150,NA,NA,NA,NA
"185C",1850003,"intact",429112,5053651,NA,NA,NA,NA
"185A",1850001,"historic",427983,5053910,NA,NA,NA,NA
"185B",1850002,"historic",428322,5054940,NA,NA,NA,NA
"280A",2800001,"intact",440603,5059187,NA,NA,NA,NA
"092D",920004,"historic",450311,5058819,NA,NA,NA,NA
"092B",920002,"historic",453032,5061097,NA,NA,NA,NA
"092E",920005,"historic",454342,5064381,NA,NA,NA,NA
"092F",920006,"historic",455177,5064074,NA,NA,NA,NA
"092C",920003,"historic",455000,5064405,NA,NA,NA,NA
"092G",920007,"historic",455114,5064660,NA,NA,NA,NA
"092A",920001,"historic",454999,5068340,NA,NA,NA,NA
"088F",880006,"intact",494729,5078396,NA,NA,NA,NA
"088A",880001,"historic",495489,5078010,NA,NA,NA,NA
"088D",880004,"historic",495312,5077900,NA,NA,NA,NA
"088G",880007,"historic",496380,5077532,NA,NA,NA,NA
"088E",880005,"historic",496231,5077500,NA,NA,NA,NA
"088C",880003,"historic",497035,5078946,NA,NA,NA,NA
"461A",4610001,"intact",514903,5066218,NA,NA,NA,NA
"087B",870002,"historic",517108,5068720,NA,NA,NA,NA
"087A",870001,"historic",517752,5069180,NA,NA,NA,NA
"248A",2480001,"historic",539258,5064280,NA,NA,NA,NA
"248B",2480002,"intact",540034,5064660,NA,NA,NA,NA
"177A",1770001,"historic",437946,5044756,NA,NA,NA,NA
"177B",1770002,"intact",438930,5044860,NA,NA,NA,NA
"177C",1770003,"historic",440124,5045150,NA,NA,NA,NA
"551A",5510001,"historic",449912,5040673,NA,NA,NA,NA
"209C",2090003,"intact",459092,5045117,NA,NA,NA,NA
"209A",2090001,"historic",459070,5045060,NA,NA,NA,NA
"209B",2090002,"historic",459752,5046340,NA,NA,NA,NA
"113B",1130002,"historic",485486,5034281,NA,NA,NA,NA
"113A",1130001,"historic",486548,5033211,NA,NA,NA,NA
"516A",5160001,"historic",475354,5090410,NA,NA,NA,NA
"182A",1820001,"intact",431739,5086020,NA,NA,NA,NA
"552A",5520001,"intact",431844,5106632,NA,NA,NA,NA
"163A",1630001,"historic",450804,5120419,NA,NA,NA,NA
"163B",1630002,"historic",450799,5120238,NA,NA,NA,NA
"163C",1630003,"intact",451029,5120210,NA,NA,NA,NA
"163D",1630004,"historic",451642,5119240,NA,NA,NA,NA
"091A",910001,"historic",453110,5116023,NA,NA,NA,NA
"091B",910002,"historic",452900,5115590,NA,NA,NA,NA
"091C",910003,"historic",452153,5115342,NA,NA,NA,NA
"091D",910004,"historic",452903,5114473,NA,NA,NA,NA
"181E",1810005,"historic",460024,5119750,NA,NA,NA,NA
"181B",1810002,"historic",458990,5120460,NA,NA,NA,NA
"181D",1810004,"historic",458599,5120350,NA,NA,NA,NA
"181C",1810003,"historic",458303,5119490,NA,NA,NA,NA
"181A",1810001,"historic",457706,5120950,NA,NA,NA,NA
"441A",4410001,"intact",462270,5111001,NA,NA,NA,NA
"484A",4840001,"intact",460204,5127932,NA,NA,NA,NA
"349A",3490001,"intact",469809,5130826,NA,NA,NA,NA
"349B",3490002,"intact",470842,5133111,NA,NA,NA,NA
"090E",900005,"historic",473494,5128726,NA,NA,NA,NA
"090D",900004,"historic",472991,5128788,NA,NA,NA,NA
"090A",900001,"intact",476379,5128094,NA,NA,NA,NA
"090B",900002,"historic",476183,5128680,NA,NA,NA,NA
"090C",900003,"historic",477835,5129540,NA,NA,NA,NA
"439A",4390001,"intact",499225,5063724,NA,NA,NA,NA
"440A",4400001,"historic",503754,5054963,NA,NA,NA,NA
"089D",890004,"historic",503075,5067911,NA,NA,NA,NA
"089A",890001,"historic",503379,5067730,NA,NA,NA,NA
"089C",890003,"historic",504024,5067032,NA,NA,NA,NA
"089E",890005,"historic",504521,5067374,NA,NA,NA,NA
"089B",890002,"intact",503881,5067207,NA,NA,NA,NA
"186B",1860002,"intact",470419,5104341,NA,NA,NA,NA
"186A",1860001,"historic",470457,5104261,NA,NA,NA,NA
"114A",1140001,"intact",519002,5112828,NA,NA,NA,NA
"363A",3630001,"intact",506914,5125982,NA,NA,NA,NA
"487A",4870001,"historic",516861,5123704,NA,NA,NA,NA
"330A",3300001,"intact",526702,5128560,NA,NA,NA,NA
"450A",4500001,"intact",536491,5125532,NA,NA,NA,NA
"115B",1150002,"historic",528062,5122650,NA,NA,NA,NA
"115A",1150001,"historic",528926,5123440,NA,NA,NA,NA
"438A",4380001,"historic",538490,5130549,NA,NA,NA,NA
"284A",2840001,"historic",532662,5134760,NA,NA,NA,NA
"595A",5950001,"intact",523188,5145408,NA,NA,NA,NA
"337A",3370001,"intact",586857,5183151,NA,NA,NA,NA
"337B",3370002,"intact",587016,5183018,NA,NA,NA,NA
"622A",6220001,"intact",544975,5165203,NA,NA,NA,NA
"594A",5940001,"intact",500675,5134840,NA,NA,NA,NA
"343A",3430001,"intact",508060,5151084,NA,NA,NA,NA
"343B",3430002,"intact",508268,5151362,NA,NA,NA,NA
"518A",5180001,"intact",574109,5166511,NA,NA,NA,NA
"399A",3990001,"intact",582552,5168290,NA,NA,NA,NA
"455A",4550001,"intact",580427,5172332,NA,NA,NA,NA
"228A",2280001,"historic",536339,5186080,NA,NA,NA,NA
"228C",2280003,"historic",536367,5186327,NA,NA,NA,NA
"228B",2280002,"historic",537544,5186040,NA,NA,NA,NA
"228D",2280004,"intact",537358,5186187,NA,NA,NA,NA
"207A",2070001,"historic",549221,5206215,NA,NA,NA,NA
"207C",2070003,"historic",548517,5207710,NA,NA,NA,NA
"207D",2070004,"historic",548628,5207540,NA,NA,NA,NA
"207E",2070005,"intact",548737,5207360,NA,NA,NA,NA
"447A",4470001,"intact",544920,5212787,NA,NA,NA,NA
"226A",2260001,"historic",550379,5213670,NA,NA,NA,NA
"226C",2260003,"intact",550289,5213383,NA,NA,NA,NA
"615A",6150001,"intact",550432,5217642,NA,NA,NA,NA
"227A",2270001,"historic",554485,5222066,NA,NA,NA,NA
"227B",2270002,"historic",555536,5223410,NA,NA,NA,NA
"227C",2270003,"intact",555464,5223550,NA,NA,NA,NA
"247A",2470001,"historic",561285,5224982,NA,NA,NA,NA
"616A",6160001,"intact",554967,5232662,NA,NA,NA,NA
"536A",5360001,"intact",578066,5227985,NA,NA,NA,NA
"116A",1160001,"historic",516255,5183890,NA,NA,NA,NA
"116B",1160002,"historic",515908,5186908,NA,NA,NA,NA
"116C",1160003,"historic",515803,5186821,NA,NA,NA,NA
"116D",1160004,"historic",515372,5186938,NA,NA,NA,NA
"348A",3480001,"intact",515729,5168061,NA,NA,NA,NA
"367A",3670001,"intact",515545,5162343,NA,NA,NA,NA
"348B",3480002,"intact",515481,5167933,NA,NA,NA,NA
"603A",6030001,"intact",460146,5223133,NA,NA,NA,NA
"603B",6030002,"intact",460326,5221858,NA,NA,NA,NA
"364A",3640001,"historic",437459,5179270,NA,NA,NA,NA
"364B",3640002,"intact",437506,5179785,NA,NA,NA,NA
"548A",5480001,"intact",455263,5180717,NA,NA,NA,NA
"585A",5850001,"intact",479230,5178177,NA,NA,NA,NA
"216C",2160003,"intact",471750,5158406,NA,NA,NA,NA
"216A",2160001,"historic",473935,5157730,NA,NA,NA,NA
"216B",2160002,"historic",474024,5157410,NA,NA,NA,NA
"279A",2790001,"historic",487280,5159330,NA,NA,NA,NA
"279B",2790002,"historic",486400,5156598,NA,NA,NA,NA
"139B",1390002,"historic",490656,5155250,NA,NA,NA,NA
"139A",1390001,"historic",491688,5154972,NA,NA,NA,NA
"279C",2790003,"intact",487783,5158434,NA,NA,NA,NA
"139C",1390003,"historic",491321,5155518,NA,NA,NA,NA
"139D",1390004,"intact",491821,5155387,NA,NA,NA,NA
"235B",2350002,"historic",485311,5143210,NA,NA,NA,NA
"235C",2350003,"intact",485473,5143339,NA,NA,NA,NA
"235A",2350001,"historic",485095,5140780,NA,NA,NA,NA
"322A",3220001,"intact",482815,5135327,NA,NA,NA,NA
"173B",1730002,"historic",476717,5142310,NA,NA,NA,NA
"173A",1730001,"historic",476700,5142230,NA,NA,NA,NA
"173C",1730003,"historic",476930,5141780,NA,NA,NA,NA
"173D",1730004,"intact",476994,5142129,NA,NA,NA,NA
"321A",3210001,"historic",453250,5140860,NA,NA,NA,NA
"321B",3210002,"intact",453443,5140460,NA,NA,NA,NA
"486A",4860001,"historic",343588,4995426,NA,NA,NA,NA
"566A",5660001,"intact",358323,4980659,NA,NA,NA,NA
"398B",3980002,"intact",363521,4976943,NA,NA,NA,NA
"398A",3980001,"historic",363555,4976975,NA,NA,NA,NA
"225A",2250001,"historic",354685,4977031,NA,NA,NA,NA
"252D",2520004,"historic",353097,4970282,NA,NA,NA,NA
"252C",2520003,"intact",352427,4971394,NA,NA,NA,NA
"252B",2520002,"historic",350985,4970270,NA,NA,NA,NA
"252A",2520001,"historic",350469,4968750,NA,NA,NA,NA
"219B",2190002,"intact",338830,4961490,NA,NA,NA,NA
"365A",3650001,"intact",348073,4958322,NA,NA,NA,NA
"365B",3650002,"intact",347940,4959595,NA,NA,NA,NA
"219A",2190001,"historic",336738,4961433,NA,NA,NA,NA
"567A",5670001,"intact",341342,4962178,NA,NA,NA,NA
"311B",3110002,"historic",338345,4954331,NA,NA,NA,NA
"311A",3110001,"historic",338944,4954264,NA,NA,NA,NA
"282A",2820001,"intact",367667,4946617,NA,NA,NA,NA
"523A",5230001,"intact",356746,4924745,NA,NA,NA,NA
"002A",20001,"historic",412281,4906670,NA,NA,NA,NA
"002B",20002,"historic",412169,4906650,NA,NA,NA,NA
"002C",20003,"historic",412259,4906640,NA,NA,NA,NA
"002D",20004,"historic",412167,4906610,NA,NA,NA,NA
"002E",20005,"historic",412212,4906650,NA,NA,NA,NA
"002F",20006,"intact",412260,4906670,NA,NA,NA,NA
"002G",20007,"historic",412223,4906630,NA,NA,NA,NA
"103A",1030001,"historic",453759,4872046,NA,NA,NA,NA
"335B",3350002,"historic",456959,4871844,NA,NA,NA,NA
"335A",3350001,"intact",456598,4873530,NA,NA,NA,NA
"212A",2120001,"historic",450212,4877065,NA,NA,NA,NA
"212B",2120002,"intact",450332,4875479,NA,NA,NA,NA
"621A",6210001,"intact",458589,4882897,NA,NA,NA,NA
"558A",5580001,"intact",450386,4884277,NA,NA,NA,NA
"104A",1040001,"historic",460319,4863882,NA,NA,NA,NA
"217B",2170002,"historic",453367,4861470,NA,NA,NA,NA
"217A",2170001,"historic",453869,4860630,NA,NA,NA,NA
"217C",2170003,"intact",453880,4860678,NA,NA,NA,NA
"583A",5830001,"intact",490995,4970743,NA,NA,NA,NA
"159B",1590002,"historic",484534,4967192,NA,NA,NA,NA
"159A",1590001,"intact",482786,4967830,NA,NA,NA,NA
"159C",1590003,"intact",481472,4968877,NA,NA,NA,NA
"382A",3820001,"intact",486337,4955890,NA,NA,NA,NA
"270B",2700002,"historic",472840,4940891,NA,NA,NA,NA
"270A",2700001,"historic",472831,4940947,NA,NA,NA,NA
"220A",2200001,"historic",513440,4950010,NA,NA,NA,NA
"220B",2200002,"intact",512515,4950254,NA,NA,NA,NA
"325B",3250002,"historic",514436,4946210,NA,NA,NA,NA
"325C",3250003,"historic",513788,4945686,NA,NA,NA,NA
"325A",3250001,"intact",513815,4945630,NA,NA,NA,NA
"614A",6140001,"intact",503044,4940765,NA,NA,NA,NA
"094C",940003,"historic",511143,4940520,NA,NA,NA,NA
"094B",940002,"historic",511293,4939310,NA,NA,NA,NA
"094A",940001,"intact",512076,4938630,NA,NA,NA,NA
"500A",5000001,"historic",514985,4936997,NA,NA,NA,NA
"094D",940004,"intact",513719,4940119,NA,NA,NA,NA
"271A",2710001,"historic",500732,4931441,NA,NA,NA,NA
"271B",2710002,"intact",500850,4931387,NA,NA,NA,NA
"565A",5650001,"intact",515367,4929788,NA,NA,NA,NA
"393A",3930001,"intact",523408,4937178,NA,NA,NA,NA
"093A",930001,"historic",525668,4939510,NA,NA,NA,NA
"521B",5210002,"intact",526821,4934310,NA,NA,NA,NA
"521A",5210001,"historic",526488,4934494,NA,NA,NA,NA
"327A",3270001,"intact",533356,4940721,NA,NA,NA,NA
"166A",1660001,"historic",519213,4931045,NA,NA,NA,NA
"166B",1660002,"intact",519232,4930891,NA,NA,NA,NA
"535A",5350001,"intact",544347,4936425,NA,NA,NA,NA
"535B",5350002,"historic",545064,4938187,NA,NA,NA,NA
"535C",5350003,"intact",545717,4938398,NA,NA,NA,NA
"535D",5350004,"historic",546907,4939270,NA,NA,NA,NA
"029G",290007,"historic",544586,4930789,NA,NA,NA,NA
"029B",290002,"historic",544493,4931400,NA,NA,NA,NA
"029F",290006,"historic",544331,4931328,NA,NA,NA,NA
"029A",290001,"historic",544125,4931192,NA,NA,NA,NA
"029C",290003,"historic",543593,4930550,NA,NA,NA,NA
"029D",290004,"historic",543721,4930640,NA,NA,NA,NA
"029E",290005,"historic",544011,4928990,NA,NA,NA,NA
"029H",290008,"intact",544299,4930699,NA,NA,NA,NA
"300A",3000001,"historic",547754,4925720,NA,NA,NA,NA
"573A",5730001,"intact",540970,4926333,NA,NA,NA,NA
"458A",4580001,"intact",551000,4924844,NA,NA,NA,NA
"553A",5530001,"intact",556115,4924422,NA,NA,NA,NA
"286A",2860001,"intact",555710,4920714,NA,NA,NA,NA
"028D",280004,"intact",552866,4920090,NA,NA,NA,NA
"346A",3460001,"historic",551418,4919461,NA,NA,NA,NA
"028A",280001,"historic",553073,4919211,NA,NA,NA,NA
"028C",280003,"historic",555287,4918768,NA,NA,NA,NA
"028B",280002,"historic",555377,4918916,NA,NA,NA,NA
"241A",2410001,"intact",560204,4919077,NA,NA,NA,NA
"041C",410003,"historic",564226,4916617,NA,NA,NA,NA
"041D",410004,"intact",564276,4916589,NA,NA,NA,NA
"040A",400001,"historic",565504,4917020,NA,NA,NA,NA
"040D",400004,"intact",566423,4916790,NA,NA,NA,NA
"040B",400002,"historic",566602,4917070,NA,NA,NA,NA
"040C",400003,"historic",566659,4917157,NA,NA,NA,NA
"040E",400005,"historic",566885,4917358,NA,NA,NA,NA
"040F",400006,"historic",566267,4917071,NA,NA,NA,NA
"041A",410001,"historic",565214,4915210,NA,NA,NA,NA
"041B",410002,"historic",565372,4915350,NA,NA,NA,NA
"042C",420003,"historic",568697,4914839,NA,NA,NA,NA
"042B",420002,"historic",568707,4915350,NA,NA,NA,NA
"042D",420004,"intact",569054,4914823,NA,NA,NA,NA
"596A",5960001,"historic",570968,4913671,NA,NA,NA,NA
"506A",5060001,"intact",572626,4915386,NA,NA,NA,NA
"042A",420001,"historic",569584,4915934,NA,NA,NA,NA
"297A",2970001,"historic",571871,4912030,NA,NA,NA,NA
"297B",2970002,"historic",572085,4911900,NA,NA,NA,NA
"297C",2970003,"intact",571927,4911706,NA,NA,NA,NA
"310A",3100001,"intact",576457,4911190,NA,NA,NA,NA
"592A",5920001,"intact",573459,4922775,NA,NA,NA,NA
"187D",1870004,"historic",583207,4916616,NA,NA,NA,NA
"187C",1870003,"historic",583252,4916587,NA,NA,NA,NA
"187B",1870002,"historic",583276,4916555,NA,NA,NA,NA
"187A",1870001,"historic",583217,4916526,NA,NA,NA,NA
"044A",440001,"intact",584155,4922341,NA,NA,NA,NA
"044B",440002,"historic",584101,4922819,NA,NA,NA,NA
"145C",1450003,"historic",579624,4924930,NA,NA,NA,NA
"145B",1450002,"historic",579778,4924610,NA,NA,NA,NA
"145A",1450001,"historic",580563,4926852,NA,NA,NA,NA
"145D",1450004,"intact",578808,4924367,NA,NA,NA,NA
"636A",6360001,"intact",577795,4925586,NA,NA,NA,NA
"045B",450002,"intact",581852,4927009,NA,NA,NA,NA
"045A",450001,"historic",583657,4927973,NA,NA,NA,NA
"044C",440003,"historic",583978,4924221,NA,NA,NA,NA
"329A",3290001,"intact",585915,4924792,NA,NA,NA,NA
"502A",5020001,"historic",586506,4923211,NA,NA,NA,NA
"502B",5020002,"intact",586469,4923214,NA,NA,NA,NA
"144B",1440002,"historic",586324,4923650,NA,NA,NA,NA
"144C",1440003,"historic",586280,4923680,NA,NA,NA,NA
"144D",1440004,"intact",586258,4923733,NA,NA,NA,NA
"420B",4200002,"intact",588601,4921173,NA,NA,NA,NA
"420A",4200001,"historic",588050,4919628,NA,NA,NA,NA
"267A",2670001,"historic",591049,4919884,NA,NA,NA,NA
"267B",2670002,"intact",591111,4919734,NA,NA,NA,NA
"046D",460004,"historic",591205,4922500,NA,NA,NA,NA
"046C",460003,"historic",591503,4922552,NA,NA,NA,NA
"046A",460001,"historic",591513,4922680,NA,NA,NA,NA
"046B",460002,"historic",591520,4922790,NA,NA,NA,NA
"046E",460005,"historic",591513,4922466,NA,NA,NA,NA
"046F",460006,"intact",591465,4922634,NA,NA,NA,NA
"401A",4010001,"historic",593270,4926304,NA,NA,NA,NA
"401B",4010002,"intact",592722,4926205,NA,NA,NA,NA
"110A",1100001,"historic",589509,4926860,NA,NA,NA,NA
"606A",6060001,"historic",601553,4929790,NA,NA,NA,NA
"047A",470001,"intact",595287,4925143,NA,NA,NA,NA
"047D",470004,"historic",595299,4925122,NA,NA,NA,NA
"047C",470003,"historic",595342,4925183,NA,NA,NA,NA
"167C",1670003,"historic",598914,4928634,NA,NA,NA,NA
"167B",1670002,"historic",598948,4928623,NA,NA,NA,NA
"167A",1670001,"historic",598957,4928604,NA,NA,NA,NA
"167D",1670004,"intact",598906,4928585,NA,NA,NA,NA
"373B",3730002,"intact",597228,4929964,NA,NA,NA,NA
"373A",3730001,"historic",597263,4929970,NA,NA,NA,NA
"048D",480004,"historic",593034,4929961,NA,NA,NA,NA
"048B",480002,"historic",595007,4930085,NA,NA,NA,NA
"048E",480005,"historic",595028,4929870,NA,NA,NA,NA
"048A",480001,"historic",594911,4929300,NA,NA,NA,NA
"048F",480006,"intact",595106,4929669,NA,NA,NA,NA
"051E",510005,"historic",603718,4926661,NA,NA,NA,NA
"051C",510003,"historic",603831,4926660,NA,NA,NA,NA
"051D",510004,"historic",603929,4926626,NA,NA,NA,NA
"051A",510001,"historic",603858,4926600,NA,NA,NA,NA
"051B",510002,"historic",603883,4926485,NA,NA,NA,NA
"051F",510006,"intact",602874,4927230,NA,NA,NA,NA
"196A",1960001,"historic",605144,4926256,NA,NA,NA,NA
"196B",1960002,"intact",605143,4926294,NA,NA,NA,NA
"195B",1950002,"intact",606479,4929880,NA,NA,NA,NA
"195A",1950001,"historic",606453,4929690,NA,NA,NA,NA
"148D",1480004,"intact",609022,4929710,NA,NA,NA,NA
"148B",1480002,"historic",608931,4928120,NA,NA,NA,NA
"148A",1480001,"historic",608854,4928045,NA,NA,NA,NA
"148C",1480003,"historic",608806,4928054,NA,NA,NA,NA
"125B",1250002,"historic",608546,4927146,NA,NA,NA,NA
"125A",1250001,"historic",608678,4927005,NA,NA,NA,NA
"125C",1250003,"historic",608727,4927189,NA,NA,NA,NA
"125E",1250005,"historic",608781,4927210,NA,NA,NA,NA
"125D",1250004,"historic",608817,4927185,NA,NA,NA,NA
"125F",1250006,"intact",608639,4926978,NA,NA,NA,NA
"119C",1190003,"historic",612416,4926650,NA,NA,NA,NA
"119D",1190004,"historic",612813,4926740,NA,NA,NA,NA
"119B",1190002,"historic",614001,4927140,NA,NA,NA,NA
"119E",1190005,"historic",614026,4927100,NA,NA,NA,NA
"119A",1190001,"historic",614065,4927100,NA,NA,NA,NA
"119F",1190006,"historic",613976,4927138,NA,NA,NA,NA
"490B",4900002,"intact",615043,4926341,NA,NA,NA,NA
"490A",4900001,"historic",615057,4926332,NA,NA,NA,NA
"342B",3420002,"historic",612912,4923112,NA,NA,NA,NA
"342A",3420001,"historic",613007,4923139,NA,NA,NA,NA
"265A",2650001,"historic",609786,4924100,NA,NA,NA,NA
"053A",530001,"historic",614744,4928110,NA,NA,NA,NA
"053C",530003,"historic",614745,4928180,NA,NA,NA,NA
"053B",530002,"historic",614799,4928190,NA,NA,NA,NA
"608A",6080001,"intact",616933,4928175,NA,NA,NA,NA
"577A",5770001,"intact",616901,4929813,NA,NA,NA,NA
"153C",1530003,"historic",612916,4930740,NA,NA,NA,NA
"153D",1530004,"historic",613722,4930210,NA,NA,NA,NA
"153E",1530005,"intact",613684,4930224,NA,NA,NA,NA
"609A",6090001,"intact",606061,4931714,NA,NA,NA,NA
"052F",520006,"historic",605788,4931050,NA,NA,NA,NA
"052C",520003,"historic",605806,4931071,NA,NA,NA,NA
"052E",520005,"historic",605810,4931037,NA,NA,NA,NA
"052A",520001,"historic",605816,4931103,NA,NA,NA,NA
"052D",520004,"historic",605822,4931080,NA,NA,NA,NA
"052J",520010,"intact",605787,4931013,NA,NA,NA,NA
"052H",520008,"intact",605819,4931090,NA,NA,NA,NA
"158A",1580001,"historic",604803,4934340,NA,NA,NA,NA
"049H",490008,"intact",598042,4932755,NA,NA,NA,NA
"623A",6230001,"intact",599120,4934063,NA,NA,NA,NA
"127E",1270005,"intact",599835,4934700,NA,NA,NA,NA
"127D",1270004,"historic",599765,4934240,NA,NA,NA,NA
"127B",1270002,"historic",600341,4934449,NA,NA,NA,NA
"623B",6230002,"historic",599474,4934101,NA,NA,NA,NA
"623C",6230003,"historic",598593,4933354,NA,NA,NA,NA
"049D",490004,"historic",599209,4932500,NA,NA,NA,NA
"049A",490001,"historic",598300,4932360,NA,NA,NA,NA
"049C",490003,"historic",598015,4932080,NA,NA,NA,NA
"049G",490007,"historic",597953,4932039,NA,NA,NA,NA
"049E",490005,"historic",597960,4932074,NA,NA,NA,NA
"049F",490006,"historic",598082,4932110,NA,NA,NA,NA
"418A",4180001,"intact",601129,4942133,NA,NA,NA,NA
"418B",4180002,"intact",601409,4942314,NA,NA,NA,NA
"418C",4180003,"intact",601278,4941742,NA,NA,NA,NA
"352A",3520001,"historic",617357,4935156,NA,NA,NA,NA
"352B",3520002,"intact",617521,4935381,NA,NA,NA,NA
"352C",3520003,"intact",617236,4935200,NA,NA,NA,NA
"469A",4690001,"historic",616426,4935962,NA,NA,NA,NA
"428A",4280001,"intact",620312,4937477,NA,NA,NA,NA
"111F",1110006,"intact",618991,4938190,NA,NA,NA,NA
"055D",550004,"intact",621291,4936130,NA,NA,NA,NA
"111D",1110004,"historic",618229,4938830,NA,NA,NA,NA
"111E",1110005,"historic",618389,4938750,NA,NA,NA,NA
"111B",1110002,"historic",619902,4939886,NA,NA,NA,NA
"111C",1110003,"historic",619985,4939761,NA,NA,NA,NA
"111A",1110001,"historic",620016,4939681,NA,NA,NA,NA
"183A",1830001,"historic",615860,4937142,NA,NA,NA,NA
"183B",1830002,"intact",615863,4937074,NA,NA,NA,NA
"056D",560004,"historic",616354,4941241,NA,NA,NA,NA
"056E",560005,"historic",616425,4941730,NA,NA,NA,NA
"056F",560006,"historic",616467,4941763,NA,NA,NA,NA
"056A",560001,"historic",617237,4941148,NA,NA,NA,NA
"056C",560003,"historic",617271,4941140,NA,NA,NA,NA
"056B",560002,"historic",617246,4941090,NA,NA,NA,NA
"056G",560007,"intact",617229,4941096,NA,NA,NA,NA
"288B",2880002,"intact",612874,4943363,NA,NA,NA,NA
"288A",2880001,"historic",612687,4943375,NA,NA,NA,NA
"542A",5420001,"historic",601171,4944433,NA,NA,NA,NA
"542B",5420002,"intact",601866,4944542,NA,NA,NA,NA
"419A",4190001,"historic",595510,4937327,NA,NA,NA,NA
"419B",4190002,"intact",595465,4937357,NA,NA,NA,NA
"435A",4350001,"intact",592764,4935364,NA,NA,NA,NA
"475B",4750002,"historic",587153,4935744,NA,NA,NA,NA
"475A",4750001,"historic",587236,4935556,NA,NA,NA,NA
"242A",2420001,"historic",592294,4933420,NA,NA,NA,NA
"243A",2430001,"historic",594918,4933386,NA,NA,NA,NA
"242B",2420002,"intact",592471,4932978,NA,NA,NA,NA
"315A",3150001,"intact",592538,4932185,NA,NA,NA,NA
"315B",3150002,"historic",592753,4932202,NA,NA,NA,NA
"524A",5240001,"intact",585334,4938305,NA,NA,NA,NA
"546A",5460001,"intact",575056,4929654,NA,NA,NA,NA
"546B",5460002,"intact",575419,4929348,NA,NA,NA,NA
"528A",5280001,"intact",568716,4931769,NA,NA,NA,NA
"038D",380004,"historic",570268,4924773,NA,NA,NA,NA
"038C",380003,"historic",570587,4924740,NA,NA,NA,NA
"038E",380005,"intact",570659,4924680,NA,NA,NA,NA
"038B",380002,"historic",570615,4924600,NA,NA,NA,NA
"038A",380001,"historic",570699,4924590,NA,NA,NA,NA
"037G",370007,"historic",566404,4925570,NA,NA,NA,NA
"037E",370005,"historic",567032,4925433,NA,NA,NA,NA
"037F",370006,"historic",567084,4925386,NA,NA,NA,NA
"037B",370002,"historic",565668,4924110,NA,NA,NA,NA
"037H",370008,"historic",565483,4923960,NA,NA,NA,NA
"037A",370001,"historic",566142,4923807,NA,NA,NA,NA
"037D",370004,"historic",567142,4923860,NA,NA,NA,NA
"037I",370009,"historic",567118,4923830,NA,NA,NA,NA
"037C",370003,"intact",567176,4923880,NA,NA,NA,NA
"037J",370010,"intact",567046,4923840,NA,NA,NA,NA
"035D",350004,"intact",563288,4925100,NA,NA,NA,NA
"035C",350003,"historic",563243,4925070,NA,NA,NA,NA
"035A",350001,"historic",563182,4926930,NA,NA,NA,NA
"036D",360004,"historic",563750,4929127,NA,NA,NA,NA
"035B",350002,"historic",559971,4928360,NA,NA,NA,NA
"036E",360005,"historic",561912,4930120,NA,NA,NA,NA
"036F",360006,"intact",562067,4930130,NA,NA,NA,NA
"036A",360001,"historic",563250,4931130,NA,NA,NA,NA
"036C",360003,"historic",563430,4931280,NA,NA,NA,NA
"036B",360002,"historic",564920,4931103,NA,NA,NA,NA
"197E",1970005,"historic",558673,4931832,NA,NA,NA,NA
"197A",1970001,"historic",558989,4933939,NA,NA,NA,NA
"197G",1970007,"historic",558395,4933120,NA,NA,NA,NA
"197C",1970003,"historic",558277,4933250,NA,NA,NA,NA
"197H",1970008,"intact",558465,4933225,NA,NA,NA,NA
"033E",330005,"historic",556538,4933794,NA,NA,NA,NA
"033G",330007,"historic",556903,4933652,NA,NA,NA,NA
"033B",330002,"historic",557570,4934480,NA,NA,NA,NA
"033I",330009,"intact",557916,4934358,NA,NA,NA,NA
"417A",4170001,"historic",557892,4934821,NA,NA,NA,NA
"417B",4170002,"intact",558055,4935046,NA,NA,NA,NA
"197F",1970006,"historic",556862,4932594,NA,NA,NA,NA
"197B",1970002,"historic",557862,4932515,NA,NA,NA,NA
"197D",1970004,"historic",557830,4932420,NA,NA,NA,NA
"031F",310006,"intact",557860,4929630,NA,NA,NA,NA
"031E",310005,"historic",557853,4929520,NA,NA,NA,NA
"032A",320001,"historic",555012,4929720,NA,NA,NA,NA
"032B",320002,"historic",555042,4929690,NA,NA,NA,NA
"032E",320005,"historic",555182,4930809,NA,NA,NA,NA
"032F",320006,"intact",555099,4930813,NA,NA,NA,NA
"032C",320003,"historic",556509,4928120,NA,NA,NA,NA
"034A",340001,"historic",560467,4935680,NA,NA,NA,NA
"034E",340005,"historic",560465,4936147,NA,NA,NA,NA
"034B",340002,"historic",560756,4936460,NA,NA,NA,NA
"034C",340003,"historic",560120,4936579,NA,NA,NA,NA
"034D",340004,"intact",560664,4936830,NA,NA,NA,NA
"631A",6310001,"intact",559573,4936477,NA,NA,NA,NA
"369A",3690001,"intact",542238,4942895,NA,NA,NA,NA
"100B",1000002,"historic",546895,4943452,NA,NA,NA,NA
"030B",300002,"historic",549463,4947630,NA,NA,NA,NA
"030A",300001,"historic",549531,4947520,NA,NA,NA,NA
"030C",300003,"intact",549526,4947276,NA,NA,NA,NA
"511A",5110001,"historic",555256,4947756,NA,NA,NA,NA
"170C",1700003,"historic",560248,4944771,NA,NA,NA,NA
"170A",1700001,"historic",561168,4945803,NA,NA,NA,NA
"170B",1700002,"historic",561030,4945912,NA,NA,NA,NA
"360B",3600002,"historic",561386,4948157,NA,NA,NA,NA
"360A",3600001,"intact",561407,4948180,NA,NA,NA,NA
"221A",2210001,"historic",564174,4955770,NA,NA,NA,NA
"221B",2210002,"historic",562281,4958321,NA,NA,NA,NA
"221C",2210003,"intact",562264,4958421,NA,NA,NA,NA
"437A",4370001,"intact",565884,4967431,NA,NA,NA,NA
"050A",500001,"historic",574641,4963950,NA,NA,NA,NA
"050B",500002,"historic",576465,4963915,NA,NA,NA,NA
"142B",1420002,"historic",578875,4959890,NA,NA,NA,NA
"142A",1420001,"historic",580697,4959876,NA,NA,NA,NA
"142C",1420003,"historic",580701,4959536,NA,NA,NA,NA
"142D",1420004,"intact",579628,4958911,NA,NA,NA,NA
"255A",2550001,"historic",580466,4973480,NA,NA,NA,NA
"581A",5810001,"intact",600557,4981321,NA,NA,NA,NA
"124C",1240003,"historic",601647,4989910,NA,NA,NA,NA
"124B",1240002,"historic",602293,4988120,NA,NA,NA,NA
"124A",1240001,"intact",602457,4989290,NA,NA,NA,NA
"495A",4950001,"intact",611460,4992490,NA,NA,NA,NA
"074B",740002,"historic",613295,4993771,NA,NA,NA,NA
"074C",740003,"historic",613586,4993973,NA,NA,NA,NA
"074A",740001,"historic",613163,4994764,NA,NA,NA,NA
"074D",740004,"intact",612957,4994678,NA,NA,NA,NA
"378A",3780001,"intact",616444,4982460,NA,NA,NA,NA
"353B",3530002,"historic",628013,4990370,NA,NA,NA,NA
"353C",3530003,"historic",627692,4991003,NA,NA,NA,NA
"353A",3530001,"historic",628289,4991270,NA,NA,NA,NA
"353D",3530004,"intact",628817,4993153,NA,NA,NA,NA
"517A",5170001,"intact",635785,4987348,NA,NA,NA,NA
"132A",1320001,"historic",634891,4994100,NA,NA,NA,NA
"132B",1320002,"intact",634888,4994000,NA,NA,NA,NA
"266A",2660001,"intact",627830,5000201,NA,NA,NA,NA
"266B",2660002,"intact",628354,4999664,NA,NA,NA,NA
"073F",730006,"intact",634743,5000735,NA,NA,NA,NA
"073D",730004,"historic",636091,4999791,NA,NA,NA,NA
"073E",730005,"historic",636066,4999645,NA,NA,NA,NA
"073C",730003,"historic",635806,4999547,NA,NA,NA,NA
"073A",730001,"historic",636673,4998989,NA,NA,NA,NA
"072D",720004,"historic",640643,4998794,NA,NA,NA,NA
"072C",720003,"historic",640557,4999231,NA,NA,NA,NA
"072B",720002,"historic",640025,4999954,NA,NA,NA,NA
"072A",720001,"historic",639782,4999908,NA,NA,NA,NA
"072E",720005,"historic",639079,4999460,NA,NA,NA,NA
"072F",720006,"intact",639110,4999360,NA,NA,NA,NA
"493C",4930003,"historic",642578,5001714,NA,NA,NA,NA
"493B",4930002,"historic",641859,5003352,NA,NA,NA,NA
"493A",4930001,"intact",643864,5002235,NA,NA,NA,NA
"273A",2730001,"historic",637437,5004467,NA,NA,NA,NA
"273B",2730002,"intact",637533,5004296,NA,NA,NA,NA
"129B",1290002,"historic",644915,5000619,NA,NA,NA,NA
"129C",1290003,"historic",646836,4998888,NA,NA,NA,NA
"206A",2060001,"historic",645949,4996429,NA,NA,NA,NA
"129D",1290004,"intact",645457,4999054,NA,NA,NA,NA
"161A",1610001,"intact",646199,4985827,NA,NA,NA,NA
"161B",1610002,"intact",646537,4986562,NA,NA,NA,NA
"071C",710003,"historic",647004,4984340,NA,NA,NA,NA
"071B",710002,"historic",647171,4984360,NA,NA,NA,NA
"071A",710001,"historic",647812,4983720,NA,NA,NA,NA
"071D",710004,"intact",648057,4983926,NA,NA,NA,NA
"223B",2230002,"historic",652588,4981704,NA,NA,NA,NA
"233A",2330001,"historic",650833,4983290,NA,NA,NA,NA
"223A",2230001,"historic",652920,4979632,NA,NA,NA,NA
"069C",690003,"historic",647907,4977583,NA,NA,NA,NA
"069D",690004,"historic",648148,4977579,NA,NA,NA,NA
"069A",690001,"historic",648867,4977210,NA,NA,NA,NA
"569B",5690002,"historic",651033,4977613,NA,NA,NA,NA
"069B",690002,"historic",648588,4976674,NA,NA,NA,NA
"069E",690005,"intact",648338,4978183,NA,NA,NA,NA
"133B",1330002,"intact",649308,4978612,NA,NA,NA,NA
"123B",1230002,"intact",644835,4979095,NA,NA,NA,NA
"123A",1230001,"historic",644649,4977880,NA,NA,NA,NA
"067F",670006,"historic",646000,4977270,NA,NA,NA,NA
"067H",670008,"historic",646697,4976950,NA,NA,NA,NA
"067D",670004,"historic",646754,4976910,NA,NA,NA,NA
"067G",670007,"historic",646959,4976620,NA,NA,NA,NA
"067I",670009,"intact",646723,4976759,NA,NA,NA,NA
"496B",4960002,"historic",643126,4975218,NA,NA,NA,NA
"496A",4960001,"intact",642100,4974944,NA,NA,NA,NA
"101C",1010003,"intact",643409,4974662,NA,NA,NA,NA
"101B",1010002,"historic",643801,4974572,NA,NA,NA,NA
"101A",1010001,"historic",643955,4974514,NA,NA,NA,NA
"066G",660007,"historic",641679,4974700,NA,NA,NA,NA
"066C",660003,"historic",641564,4973430,NA,NA,NA,NA
"066A",660001,"historic",641840,4973320,NA,NA,NA,NA
"066E",660005,"historic",642868,4974041,NA,NA,NA,NA
"171D",1710004,"historic",643106,4973236,NA,NA,NA,NA
"171F",1710006,"historic",643429,4972938,NA,NA,NA,NA
"171E",1710005,"historic",641218,4971990,NA,NA,NA,NA
"171B",1710002,"historic",642791,4972442,NA,NA,NA,NA
"171A",1710001,"historic",643703,4972651,NA,NA,NA,NA
"065A",650001,"historic",645004,4973390,NA,NA,NA,NA
"065D",650004,"intact",645299,4973360,NA,NA,NA,NA
"065C",650003,"historic",645645,4972878,NA,NA,NA,NA
"065B",650002,"historic",645685,4972780,NA,NA,NA,NA
"525A",5250001,"intact",640603,4976217,NA,NA,NA,NA
"507A",5070001,"intact",639625,4972600,NA,NA,NA,NA
"066F",660006,"intact",640793,4974460,NA,NA,NA,NA
"381A",3810001,"intact",646299,4971740,NA,NA,NA,NA
"171C",1710003,"historic",641492,4970844,NA,NA,NA,NA
"118B",1180002,"intact",635997,4970390,NA,NA,NA,NA
"118A",1180001,"historic",636053,4970370,NA,NA,NA,NA
"126A",1260001,"historic",629020,4965028,NA,NA,NA,NA
"126B",1260002,"historic",630584,4965110,NA,NA,NA,NA
"126C",1260003,"intact",630192,4965460,NA,NA,NA,NA
"442A",4420001,"intact",637238,4961895,NA,NA,NA,NA
"060A",600001,"historic",630018,4961195,NA,NA,NA,NA
"060B",600002,"historic",629898,4961121,NA,NA,NA,NA
"060C",600003,"historic",629707,4960480,NA,NA,NA,NA
"062D",620004,"historic",642673,4962040,NA,NA,NA,NA
"062A",620001,"historic",642805,4962150,NA,NA,NA,NA
"062C",620003,"intact",644360,4962921,NA,NA,NA,NA
"062B",620002,"historic",645609,4962370,NA,NA,NA,NA
"263A",2630001,"historic",646778,4964671,NA,NA,NA,NA
"263B",2630002,"intact",645831,4964518,NA,NA,NA,NA
"063A",630001,"historic",645568,4965780,NA,NA,NA,NA
"063B",630002,"historic",645830,4965883,NA,NA,NA,NA
"063C",630003,"intact",646108,4966220,NA,NA,NA,NA
"425A",4250001,"historic",649279,4968030,NA,NA,NA,NA
"425B",4250002,"intact",649033,4967783,NA,NA,NA,NA
"485A",4850001,"intact",649260,4968791,NA,NA,NA,NA
"218A",2180001,"intact",648501,4968928,NA,NA,NA,NA
"526A",5260001,"historic",649190,4969500,NA,NA,NA,NA
"526B",5260002,"intact",649191,4969463,NA,NA,NA,NA
"426A",4260001,"intact",649447,4970734,NA,NA,NA,NA
"570A",5700001,"intact",651520,4970999,NA,NA,NA,NA
"064A",640001,"intact",646093,4970300,NA,NA,NA,NA
"064C",640003,"historic",646175,4970220,NA,NA,NA,NA
"064B",640002,"historic",645534,4971050,NA,NA,NA,NA
"068B",680002,"historic",648653,4971820,NA,NA,NA,NA
"068A",680001,"historic",648614,4971550,NA,NA,NA,NA
"545A",5450001,"intact",648746,4972978,NA,NA,NA,NA
"068C",680003,"intact",649018,4971958,NA,NA,NA,NA
"136A",1360001,"historic",654895,4971388,NA,NA,NA,NA
"136B",1360002,"historic",654708,4970730,NA,NA,NA,NA
"070A",700001,"intact",653480,4969940,NA,NA,NA,NA
"070B",700002,"historic",653229,4969700,NA,NA,NA,NA
"070C",700003,"historic",653210,4969670,NA,NA,NA,NA
"070D",700004,"intact",653035,4969500,NA,NA,NA,NA
"605A",6050001,"intact",654564,4967687,NA,NA,NA,NA
"413A",4130001,"intact",656628,4973970,NA,NA,NA,NA
"165C",1650003,"historic",658577,4971549,NA,NA,NA,NA
"165A",1650001,"historic",658782,4971850,NA,NA,NA,NA
"165B",1650002,"historic",658708,4971360,NA,NA,NA,NA
"194A",1940001,"historic",659242,4970280,NA,NA,NA,NA
"194B",1940002,"intact",659272,4970280,NA,NA,NA,NA
"359B",3590002,"historic",655611,4976199,NA,NA,NA,NA
"359A",3590001,"historic",655756,4975670,NA,NA,NA,NA
"359C",3590003,"intact",655726,4975678,NA,NA,NA,NA
"569A",5690001,"intact",652119,4976325,NA,NA,NA,NA
"571A",5710001,"intact",658752,4963330,NA,NA,NA,NA
"366A",3660001,"historic",648376,4958540,NA,NA,NA,NA
"366B",3660002,"historic",648877,4958641,NA,NA,NA,NA
"520A",5200001,"intact",656515,4959417,NA,NA,NA,NA
"164A",1640001,"historic",626818,4953160,NA,NA,NA,NA
"164B",1640002,"historic",626890,4953285,NA,NA,NA,NA
"164C",1640003,"intact",627027,4953458,NA,NA,NA,NA
"598A",5980001,"intact",625950,4952204,NA,NA,NA,NA
"058D",580004,"historic",624648,4951172,NA,NA,NA,NA
"058F",580006,"historic",623896,4952484,NA,NA,NA,NA
"058B",580002,"historic",623841,4952379,NA,NA,NA,NA
"058A",580001,"historic",623574,4952448,NA,NA,NA,NA
"058C",580003,"historic",623153,4952434,NA,NA,NA,NA
"058E",580005,"intact",623285,4952350,NA,NA,NA,NA
"131A",1310001,"historic",623557,4948583,NA,NA,NA,NA
"131B",1310002,"historic",623526,4948431,NA,NA,NA,NA
"057C",570003,"historic",629489,4947020,NA,NA,NA,NA
"057B",570002,"historic",629554,4947062,NA,NA,NA,NA
"057A",570001,"historic",629668,4947176,NA,NA,NA,NA
"057D",570004,"historic",630258,4947260,NA,NA,NA,NA
"057E",570005,"intact",629553,4947118,NA,NA,NA,NA
"232B",2320002,"intact",632243,4949120,NA,NA,NA,NA
"232A",2320001,"historic",632183,4949110,NA,NA,NA,NA
"211C",2110003,"historic",643220,4945810,NA,NA,NA,NA
"211B",2110002,"historic",643188,4945830,NA,NA,NA,NA
"211A",2110001,"historic",643179,4945820,NA,NA,NA,NA
"054A",540001,"historic",616576,4932000,NA,NA,NA,NA
"054B",540002,"historic",616828,4932002,NA,NA,NA,NA
"054C",540003,"intact",616430,4931964,NA,NA,NA,NA
"564A",5640001,"historic",611012,4930750,NA,NA,NA,NA
"564B",5640002,"historic",611113,4930750,NA,NA,NA,NA
"564C",5640003,"historic",611023,4930791,NA,NA,NA,NA
"122B",1220002,"historic",569523,4917514,NA,NA,NA,NA
"122A",1220001,"historic",569469,4918599,NA,NA,NA,NA
"122C",1220003,"historic",569137,4918752,NA,NA,NA,NA
"039A",390001,"historic",568521,4921600,NA,NA,NA,NA
"039B",390002,"historic",568644,4921740,NA,NA,NA,NA
"032D",320004,"historic",556372,4927460,NA,NA,NA,NA
"169A",1690001,"historic",541486,4916366,NA,NA,NA,NA
"169D",1690004,"historic",540859,4917550,NA,NA,NA,NA
"169B",1690002,"historic",540801,4917530,NA,NA,NA,NA
"169C",1690003,"historic",540879,4917660,NA,NA,NA,NA
"169E",1690005,"intact",540904,4917644,NA,NA,NA,NA
"201A",2010001,"intact",547717,4914631,NA,NA,NA,NA
"201B",2010002,"historic",547760,4914400,NA,NA,NA,NA
"026B",260002,"historic",550497,4912799,NA,NA,NA,NA
"026D",260004,"historic",551701,4913489,NA,NA,NA,NA
"026C",260003,"historic",551555,4912160,NA,NA,NA,NA
"026A",260001,"historic",553890,4911675,NA,NA,NA,NA
"026E",260005,"historic",554010,4911604,NA,NA,NA,NA
"027A",270001,"intact",544130,4910659,NA,NA,NA,NA
"246A",2460001,"historic",543791,4906506,NA,NA,NA,NA
"246B",2460002,"historic",543899,4906443,NA,NA,NA,NA
"022A",220001,"intact",533612,4910704,NA,NA,NA,NA
"314D",3140004,"historic",540841,4902530,NA,NA,NA,NA
"314A",3140001,"historic",541229,4901790,NA,NA,NA,NA
"314F",3140006,"intact",541473,4901765,NA,NA,NA,NA
"314B",3140002,"historic",541230,4901724,NA,NA,NA,NA
"314C",3140003,"historic",541271,4901776,NA,NA,NA,NA
"314E",3140005,"historic",541346,4901759,NA,NA,NA,NA
"391E",3910005,"intact",533315,4899677,NA,NA,NA,NA
"391C",3910003,"historic",533969,4899922,NA,NA,NA,NA
"391B",3910002,"historic",533964,4899890,NA,NA,NA,NA
"391A",3910001,"historic",534448,4898640,NA,NA,NA,NA
"391D",3910004,"historic",534308,4898746,NA,NA,NA,NA
"324A",3240001,"historic",520625,4903350,NA,NA,NA,NA
"324B",3240002,"intact",520668,4903231,NA,NA,NA,NA
"374A",3740001,"historic",527968,4894680,NA,NA,NA,NA
"374B",3740002,"historic",527992,4894622,NA,NA,NA,NA
"478C",4780003,"historic",530243,4897013,NA,NA,NA,NA
"478B",4780002,"intact",530841,4896848,NA,NA,NA,NA
"478A",4780001,"historic",531358,4896686,NA,NA,NA,NA
"479A",4790001,"historic",535294,4894947,NA,NA,NA,NA
"229E",2290005,"historic",532613,4896542,NA,NA,NA,NA
"229F",2290006,"historic",532902,4896362,NA,NA,NA,NA
"229C",2290003,"historic",533266,4896380,NA,NA,NA,NA
"229B",2290002,"historic",532896,4896490,NA,NA,NA,NA
"157C",1570003,"historic",519796,4899168,NA,NA,NA,NA
"157A",1570001,"historic",519970,4899010,NA,NA,NA,NA
"157B",1570002,"intact",520768,4899190,NA,NA,NA,NA
"371A",3710001,"intact",514081,4904350,NA,NA,NA,NA
"193C",1930003,"historic",513646,4900887,NA,NA,NA,NA
"193D",1930004,"historic",513522,4901560,NA,NA,NA,NA
"193B",1930002,"historic",513716,4900850,NA,NA,NA,NA
"193A",1930001,"historic",513864,4900640,NA,NA,NA,NA
"473B",4730002,"intact",511908,4897878,NA,NA,NA,NA
"303A",3030001,"historic",518275,4894099,NA,NA,NA,NA
"303C",3030003,"intact",518306,4894182,NA,NA,NA,NA
"303B",3030002,"intact",518150,4894388,NA,NA,NA,NA
"017B",170002,"historic",514737,4892800,NA,NA,NA,NA
"017A",170001,"historic",514740,4892730,NA,NA,NA,NA
"017E",170005,"intact",516334,4892022,NA,NA,NA,NA
"017D",170004,"historic",516314,4892050,NA,NA,NA,NA
"017C",170003,"historic",516539,4891970,NA,NA,NA,NA
"326A",3260001,"historic",533508,4890720,NA,NA,NA,NA
"544A",5440001,"intact",503263,4897739,NA,NA,NA,NA
"473A",4730001,"intact",510843,4895654,NA,NA,NA,NA
"554A",5540001,"historic",529677,4888364,NA,NA,NA,NA
"375A",3750001,"historic",522500,4890450,NA,NA,NA,NA
"375B",3750002,"historic",522455,4890405,NA,NA,NA,NA
"470A",4700001,"historic",523914,4886874,NA,NA,NA,NA
"375C",3750003,"intact",523195,4888520,NA,NA,NA,NA
"470B",4700002,"intact",523451,4885862,NA,NA,NA,NA
"582A",5820001,"historic",517307,4887662,NA,NA,NA,NA
"109A",1090001,"intact",514370,4887000,NA,NA,NA,NA
"109B",1090002,"historic",514516,4887150,NA,NA,NA,NA
"147A",1470001,"historic",530971,4886940,NA,NA,NA,NA
"147D",1470004,"historic",530959,4886952,NA,NA,NA,NA
"147C",1470003,"historic",531001,4886932,NA,NA,NA,NA
"147B",1470002,"historic",531906,4886531,NA,NA,NA,NA
"179C",1790003,"historic",526247,4883600,NA,NA,NA,NA
"179A",1790001,"historic",526685,4883931,NA,NA,NA,NA
"179B",1790002,"historic",526806,4883980,NA,NA,NA,NA
"179E",1790005,"historic",526221,4883557,NA,NA,NA,NA
"179D",1790004,"historic",526686,4884065,NA,NA,NA,NA
"179F",1790006,"intact",526719,4884112,NA,NA,NA,NA
"108A",1080001,"historic",513964,4883210,NA,NA,NA,NA
"108B",1080002,"historic",514054,4883400,NA,NA,NA,NA
"108C",1080003,"historic",516323,4883050,NA,NA,NA,NA
"108D",1080004,"historic",516461,4882710,NA,NA,NA,NA
"108E",1080005,"intact",515279,4882130,NA,NA,NA,NA
"294A",2940001,"intact",510879,4884397,NA,NA,NA,NA
"294B",2940002,"intact",512026,4883245,NA,NA,NA,NA
"052G",520007,"historic",605804,4931110,NA,NA,NA,NA
"480A",4800001,"historic",507510,4886667,NA,NA,NA,NA
"480B",4800002,"historic",508977,4886755,NA,NA,NA,NA
"480C",4800003,"intact",509365,4887088,NA,NA,NA,NA
"481A",4810001,"intact",507019,4881573,NA,NA,NA,NA
"015A",150001,"historic",511626,4880321,NA,NA,NA,NA
"471A",4710001,"historic",515490,4876156,NA,NA,NA,NA
"471B",4710002,"intact",516315,4877323,NA,NA,NA,NA
"471C",4710003,"intact",516377,4877468,NA,NA,NA,NA
"107A",1070001,"historic",507619,4877830,NA,NA,NA,NA
"107C",1070003,"historic",508341,4877440,NA,NA,NA,NA
"107B",1070002,"historic",508324,4877950,NA,NA,NA,NA
"107D",1070004,"historic",507650,4877845,NA,NA,NA,NA
"107E",1070005,"historic",508306,4877893,NA,NA,NA,NA
"276A",2760001,"historic",511849,4875140,NA,NA,NA,NA
"276B",2760002,"historic",511766,4875050,NA,NA,NA,NA
"276C",2760003,"historic",511024,4874807,NA,NA,NA,NA
"276D",2760004,"intact",510898,4874960,NA,NA,NA,NA
"253A",2530001,"historic",496313,4879401,NA,NA,NA,NA
"253B",2530002,"historic",496173,4878851,NA,NA,NA,NA
"406A",4060001,"historic",476942,4884217,NA,NA,NA,NA
"106B",1060002,"historic",480472,4884610,NA,NA,NA,NA
"106C",1060003,"historic",480450,4884080,NA,NA,NA,NA
"106D",1060004,"intact",480669,4884255,NA,NA,NA,NA
"106A",1060001,"historic",480598,4883422,NA,NA,NA,NA
"106E",1060005,"historic",480490,4884579,NA,NA,NA,NA
"474A",4740001,"intact",470369,4877928,NA,NA,NA,NA
"014B",140002,"historic",457134,4878832,NA,NA,NA,NA
"014C",140003,"historic",457350,4878860,NA,NA,NA,NA
"014E",140005,"intact",457452,4878903,NA,NA,NA,NA
"014A",140001,"historic",457419,4878920,NA,NA,NA,NA
"014D",140004,"historic",457466,4878948,NA,NA,NA,NA
"272B",2720002,"historic",440187,4882770,NA,NA,NA,NA
"411A",4110001,"historic",455350,4920260,NA,NA,NA,NA
"200A",2000001,"intact",580573,5005730,NA,NA,NA,NA
"611A",6110001,"intact",575402,5010626,NA,NA,NA,NA
"135A",1350001,"historic",575402,5006910,NA,NA,NA,NA
"079D",790004,"historic",584602,5004850,NA,NA,NA,NA
"079C",790003,"historic",584403,5003690,NA,NA,NA,NA
"079B",790002,"historic",585456,5004180,NA,NA,NA,NA
"079A",790001,"historic",585666,5003880,NA,NA,NA,NA
"612A",6120001,"intact",583278,5008883,NA,NA,NA,NA
"081A",810001,"historic",581481,5014270,NA,NA,NA,NA
"081B",810002,"historic",584176,5012090,NA,NA,NA,NA
"081C",810003,"intact",582699,5013280,NA,NA,NA,NA
"234A",2340001,"intact",589704,5009610,NA,NA,NA,NA
"258B",2580002,"historic",578027,5018359,NA,NA,NA,NA
"258A",2580001,"intact",577162,5017850,NA,NA,NA,NA
"189B",1890002,"historic",584892,5019514,NA,NA,NA,NA
"189A",1890001,"historic",584938,5019604,NA,NA,NA,NA
"189C",1890003,"historic",583706,5020232,NA,NA,NA,NA
"189D",1890004,"historic",583715,5020212,NA,NA,NA,NA
"189E",1890005,"intact",583716,5020223,NA,NA,NA,NA
"446A",4460001,"intact",593822,5030836,NA,NA,NA,NA
"084C",840003,"historic",589204,5037360,NA,NA,NA,NA
"084A",840001,"historic",590578,5037003,NA,NA,NA,NA
"084B",840002,"historic",591047,5037197,NA,NA,NA,NA
"084D",840004,"intact",590723,5037803,NA,NA,NA,NA
"610A",6100001,"intact",497349,4921944,NA,NA,NA,NA
"086C",860003,"historic",600651,5059200,NA,NA,NA,NA
"086B",860002,"historic",600481,5058720,NA,NA,NA,NA
"086A",860001,"historic",600397,5058860,NA,NA,NA,NA
"137B",1370002,"historic",595372,5066985,NA,NA,NA,NA
"137C",1370003,"intact",593591,5065850,NA,NA,NA,NA
"137A",1370001,"historic",593601,5065800,NA,NA,NA,NA
"137D",1370004,"intact",593600,5065825,NA,NA,NA,NA
"384A",3840001,"intact",581748,5070056,NA,NA,NA,NA
"476A",4760001,"intact",582464,5051350,NA,NA,NA,NA
"085A",850001,"historic",591772,5051202,NA,NA,NA,NA
"085D",850004,"historic",589725,5051147,NA,NA,NA,NA
"085E",850005,"historic",588946,5051860,NA,NA,NA,NA
"085C",850003,"historic",588911,5051989,NA,NA,NA,NA
"085F",850006,"intact",589139,5051991,NA,NA,NA,NA
"085B",850002,"historic",591691,5050183,NA,NA,NA,NA
"477A",4770001,"historic",564497,5073604,NA,NA,NA,NA
"449A",4490001,"intact",553687,5081661,NA,NA,NA,NA
"143B",1430002,"intact",564739,5090628,NA,NA,NA,NA
"143A",1430001,"historic",564989,5090423,NA,NA,NA,NA
"372A",3720001,"intact",587689,5098083,NA,NA,NA,NA
"344B",3440002,"intact",572794,5104203,NA,NA,NA,NA
"344A",3440001,"historic",574499,5103481,NA,NA,NA,NA
"237A",2370001,"intact",467821,4861880,NA,NA,NA,NA
"556A",5560001,"intact",464691,4859579,NA,NA,NA,NA
"579A",5790001,"intact",455915,4857548,NA,NA,NA,NA
"602A",6020001,"intact",476467,4864804,NA,NA,NA,NA
"499A",4990001,"intact",480969,4870534,NA,NA,NA,NA
"238A",2380001,"historic",484135,4870200,NA,NA,NA,NA
"238B",2380002,"intact",484112,4870213,NA,NA,NA,NA
"295A",2950001,"historic",471553,4868010,NA,NA,NA,NA
"295B",2950002,"intact",471784,4868324,NA,NA,NA,NA
"155B",1550002,"historic",467056,4868427,NA,NA,NA,NA
"155A",1550001,"historic",466107,4868042,NA,NA,NA,NA
"155C",1550003,"historic",465765,4869010,NA,NA,NA,NA
"155D",1550004,"intact",465911,4869120,NA,NA,NA,NA
"155E",1550005,"historic",465931,4867816,NA,NA,NA,NA
"578A",5780001,"intact",484633,4878356,NA,NA,NA,NA
"489A",4890001,"historic",474482,5114708,NA,NA,NA,NA
"368A",3680001,"intact",473207,5120800,NA,NA,NA,NA
"390A",3900001,"historic",485294,5108690,NA,NA,NA,NA
"390B",3900002,"intact",485325,5108996,NA,NA,NA,NA
"228E",2280005,"historic",537310,5181086,NA,NA,NA,NA
"550A",5500001,"intact",562477,5062991,NA,NA,NA,NA
"283A",2830001,"historic",615205,5048918,NA,NA,NA,NA
"283B",2830002,"intact",615182,5048950,NA,NA,NA,NA
"590A",5900001,"intact",498926,5030479,NA,NA,NA,NA
"434B",4340002,"historic",462084,5037415,NA,NA,NA,NA
"434A",4340001,"historic",460965,5037560,NA,NA,NA,NA
"434C",4340003,"intact",461071,5037838,NA,NA,NA,NA
"388A",3880001,"historic",502644,5075120,NA,NA,NA,NA
"620A",6200001,"intact",550435,5015512,NA,NA,NA,NA
"205B",2050002,"historic",558713,5017712,NA,NA,NA,NA
"205A",2050001,"historic",558180,5018336,NA,NA,NA,NA
"205C",2050003,"intact",558174,5018393,NA,NA,NA,NA
"519A",5190001,"intact",385262,4949127,NA,NA,NA,NA
"534A",5340001,"intact",411143,4943735,NA,NA,NA,NA
"412A",4120001,"historic",404117,4926699,NA,NA,NA,NA
"586A",5860001,"intact",380176,4932194,NA,NA,NA,NA
"466A",4660001,"intact",395509,4924845,NA,NA,NA,NA
"466B",4660002,"intact",395400,4925023,NA,NA,NA,NA
"356A",3560001,"historic",406608,4922364,NA,NA,NA,NA
"405A",4050001,"intact",404875,4909882,NA,NA,NA,NA
"003B",30002,"historic",423476,4899328,NA,NA,NA,NA
"580A",5800001,"historic",428278,4894271,NA,NA,NA,NA
"397A",3970001,"historic",430984,4890993,NA,NA,NA,NA
"397B",3970002,"intact",430446,4890083,NA,NA,NA,NA
"347A",3470001,"historic",429088,4889376,NA,NA,NA,NA
"347B",3470002,"historic",429596,4888565,NA,NA,NA,NA
"625A",6250001,"intact",421256,4862892,NA,NA,NA,NA
"272A",2720001,"historic",440128,4882080,NA,NA,NA,NA
"272C",2720003,"intact",440346,4881756,NA,NA,NA,NA
"604B",6040002,"historic",426035,4863501,NA,NA,NA,NA
"604A",6040001,"intact",426981,4863862,NA,NA,NA,NA
"451B",4510002,"intact",425497,4862548,NA,NA,NA,NA
"379A",3790001,"historic",430193,4863067,NA,NA,NA,NA
"379B",3790002,"historic",430394,4863370,NA,NA,NA,NA
"379C",3790003,"intact",430559,4863058,NA,NA,NA,NA
"083B",830002,"intact",610771,5033142,NA,NA,NA,NA
"083D",830004,"intact",610757,5033217,NA,NA,NA,NA
"083A",830001,"historic",610597,5032835,NA,NA,NA,NA
"083C",830003,"historic",610834,5032865,NA,NA,NA,NA
"593A",5930001,"intact",601603,5004447,NA,NA,NA,NA
"259C",2590003,"intact",604339,5005189,NA,NA,NA,NA
"256E",2560005,"intact",608069,5007686,NA,NA,NA,NA
"256C",2560003,"intact",610148,5007880,NA,NA,NA,NA
"256D",2560004,"historic",610307,5008930,NA,NA,NA,NA
"256A",2560001,"historic",609294,5009580,NA,NA,NA,NA
"256B",2560002,"historic",609059,5011143,NA,NA,NA,NA
"260B",2600002,"intact",610916,5012878,NA,NA,NA,NA
"492A",4920001,"intact",612736,5014637,NA,NA,NA,NA
"260A",2600001,"intact",612211,5010860,NA,NA,NA,NA
"082B",820002,"historic",615015,5013350,NA,NA,NA,NA
"082A",820001,"historic",615465,5012710,NA,NA,NA,NA
"082C",820003,"intact",615483,5012860,NA,NA,NA,NA
"140A",1400001,"historic",617252,5012390,NA,NA,NA,NA
"140C",1400003,"historic",617292,5012350,NA,NA,NA,NA
"140B",1400002,"historic",617275,5012290,NA,NA,NA,NA
"140D",1400004,"intact",617132,5012321,NA,NA,NA,NA
"117C",1170003,"historic",620165,5012333,NA,NA,NA,NA
"117A",1170001,"historic",619602,5012480,NA,NA,NA,NA
"117B",1170002,"historic",622125,5008640,NA,NA,NA,NA
"130C",1300003,"intact",614053,5001143,NA,NA,NA,NA
"130A",1300001,"intact",613894,5002270,NA,NA,NA,NA
"130B",1300002,"historic",615773,5002806,NA,NA,NA,NA
"080A",800001,"historic",601952,5000230,NA,NA,NA,NA
"080C",800003,"intact",603011,5000600,NA,NA,NA,NA
"080B",800002,"intact",603003,5e+06,NA,NA,NA,NA
"467A",4670001,"intact",565079,4997624,NA,NA,NA,NA
"533A",5330001,"intact",567025,4993463,NA,NA,NA,NA
"076C",760003,"historic",567006,4987912,NA,NA,NA,NA
"076D",760004,"intact",567128,4988745,NA,NA,NA,NA
"076A",760001,"historic",566252,4988650,NA,NA,NA,NA
"076B",760002,"historic",565860,4988249,NA,NA,NA,NA
"298C",2980003,"intact",630234,4945668,NA,NA,NA,NA
"298B",2980002,"historic",629704,4944720,NA,NA,NA,NA
"298A",2980001,"historic",630419,4944443,NA,NA,NA,NA
"576A",5760001,"intact",633267,4941286,NA,NA,NA,NA
"128B",1280002,"historic",623797,4942599,NA,NA,NA,NA
"128C",1280003,"intact",623870,4942550,NA,NA,NA,NA
"128A",1280001,"historic",625103,4942730,NA,NA,NA,NA
"180B",1800002,"historic",625443,4941192,NA,NA,NA,NA
"180A",1800001,"historic",625500,4940278,NA,NA,NA,NA
"180C",1800003,"historic",625769,4939863,NA,NA,NA,NA
"162A",1620001,"historic",629336,4939937,NA,NA,NA,NA
"162B",1620002,"historic",629497,4939810,NA,NA,NA,NA
"162C",1620003,"historic",629459,4939789,NA,NA,NA,NA
"162D",1620004,"intact",629348,4939722,NA,NA,NA,NA
"121C",1210003,"intact",636171,4942090,NA,NA,NA,NA
"576B",5760002,"historic",634609,4940520,NA,NA,NA,NA
"224C",2240003,"intact",638795,4943200,NA,NA,NA,NA
"224B",2240002,"historic",638818,4943100,NA,NA,NA,NA
"224A",2240001,"historic",638886,4943100,NA,NA,NA,NA
"296A",2960001,"intact",573715,4994834,NA,NA,NA,NA
"075B",750002,"historic",556757,4986670,NA,NA,NA,NA
"075D",750004,"intact",557528,4987371,NA,NA,NA,NA
"075C",750003,"historic",557489,4987259,NA,NA,NA,NA
"075A",750001,"historic",557519,4987274,NA,NA,NA,NA
"077B",770002,"intact",586784,4996926,NA,NA,NA,NA
"077A",770001,"historic",589137,4996820,NA,NA,NA,NA
"078A",780001,"historic",583421,4999637,NA,NA,NA,NA
"078B",780002,"historic",584069,5000632,NA,NA,NA,NA
"078C",780003,"historic",583759,4999090,NA,NA,NA,NA
"078D",780004,"historic",584587,4999910,NA,NA,NA,NA
"503A",5030001,"intact",574969,4940513,NA,NA,NA,NA
"188A",1880001,"historic",577993,4943283,NA,NA,NA,NA
"319B",3190002,"intact",520389,4953096,NA,NA,NA,NA
"464A",4640001,"intact",516513,4957120,NA,NA,NA,NA
"319A",3190001,"historic",521168,4951625,NA,NA,NA,NA
"456A",4560001,"intact",531940,4948416,NA,NA,NA,NA
"456B",4560002,"intact",531679,4948332,NA,NA,NA,NA
"557A",5570001,"intact",513551,4966938,NA,NA,NA,NA
"354A",3540001,"intact",505134,4984465,NA,NA,NA,NA
"318A",3180001,"intact",513343,4979117,NA,NA,NA,NA
"357A",3570001,"intact",527939,4984720,NA,NA,NA,NA
"527A",5270001,"historic",528181,4980770,NA,NA,NA,NA
"617A",6170001,"intact",525288,4973332,NA,NA,NA,NA
"277A",2770001,"intact",528428,4972668,NA,NA,NA,NA
"457A",4570001,"intact",525798,4967928,NA,NA,NA,NA
"305A",3050001,"intact",533399,4962870,NA,NA,NA,NA
"199A",1990001,"historic",523145,4962960,NA,NA,NA,NA
"199B",1990002,"intact",523419,4963250,NA,NA,NA,NA
"339C",3390003,"historic",510111,4921670,NA,NA,NA,NA
"339A",3390001,"historic",510122,4920140,NA,NA,NA,NA
"339B",3390002,"intact",513448,4923150,NA,NA,NA,NA
"339D",3390004,"intact",511140,4921150,NA,NA,NA,NA
"421A",4210001,"intact",521862,4921804,NA,NA,NA,NA
"422A",4220001,"intact",522399,4917652,NA,NA,NA,NA
"422C",4220003,"intact",521665,4917901,NA,NA,NA,NA
"422B",4220002,"intact",521455,4917196,NA,NA,NA,NA
"020C",200003,"historic",520270,4918970,NA,NA,NA,NA
"020A",200001,"historic",520456,4918850,NA,NA,NA,NA
"020D",200004,"historic",521212,4919496,NA,NA,NA,NA
"020B",200002,"historic",521195,4919550,NA,NA,NA,NA
"020E",200005,"intact",520460,4918770,NA,NA,NA,NA
"021B",210002,"historic",525042,4915125,NA,NA,NA,NA
"021C",210003,"historic",525356,4914840,NA,NA,NA,NA
"021D",210004,"intact",525340,4914850,NA,NA,NA,NA
"293A",2930001,"historic",526575,4913220,NA,NA,NA,NA
"293B",2930002,"intact",525726,4912501,NA,NA,NA,NA
"312B",3120002,"historic",520363,4908660,NA,NA,NA,NA
"312A",3120001,"historic",521375,4908820,NA,NA,NA,NA
"312C",3120003,"intact",521582,4908814,NA,NA,NA,NA
"210D",2100004,"intact",518023,4912032,NA,NA,NA,NA
"210B",2100002,"intact",515921,4912080,NA,NA,NA,NA
"210A",2100001,"historic",516062,4911743,NA,NA,NA,NA
"210C",2100003,"historic",514846,4912620,NA,NA,NA,NA
"210E",2100005,"historic",515721,4912599,NA,NA,NA,NA
"210F",2100006,"historic",514861,4912593,NA,NA,NA,NA
"362A",3620001,"historic",508941,4912350,NA,NA,NA,NA
"362B",3620002,"historic",508571,4911974,NA,NA,NA,NA
"362C",3620003,"intact",509119,4912183,NA,NA,NA,NA
"250A",2500001,"intact",506090,4909220,NA,NA,NA,NA
"250B",2500002,"intact",506078,4909119,NA,NA,NA,NA
"340D",3400004,"historic",508673,4904987,NA,NA,NA,NA
"340A",3400001,"historic",508324,4904728,NA,NA,NA,NA
"340B",3400002,"historic",508053,4903424,NA,NA,NA,NA
"340C",3400003,"historic",507596,4902804,NA,NA,NA,NA
"306B",3060002,"intact",491084,4900928,NA,NA,NA,NA
"306A",3060001,"intact",491551,4900089,NA,NA,NA,NA
"361A",3610001,"historic",495942,4894380,NA,NA,NA,NA
"016G",160007,"intact",501535,4891357,NA,NA,NA,NA
"016C",160003,"historic",501481,4891140,NA,NA,NA,NA
"016A",160001,"historic",501483,4891045,NA,NA,NA,NA
"016B",160002,"historic",501291,4891010,NA,NA,NA,NA
"016D",160004,"historic",501441,4891072,NA,NA,NA,NA
"016E",160005,"historic",501348,4891009,NA,NA,NA,NA
"016F",160006,"historic",501361,4891004,NA,NA,NA,NA
"409A",4090001,"intact",478436,4893748,NA,NA,NA,NA
"403A",4030001,"intact",470018,4893462,NA,NA,NA,NA
"501A",5010001,"historic",508682,4852654,NA,NA,NA,NA
"501B",5010002,"historic",508698,4852945,NA,NA,NA,NA
"400A",4000001,"intact",469088,4874008,NA,NA,NA,NA
"105A",1050001,"historic",465404,4873330,NA,NA,NA,NA
"191A",1910001,"historic",493443,4868500,NA,NA,NA,NA
"191B",1910002,"intact",493465,4868473,NA,NA,NA,NA
"191C",1910003,"intact",493633,4869250,NA,NA,NA,NA
"472A",4720001,"intact",495388,4873337,NA,NA,NA,NA
"395A",3950001,"historic",489874,4859450,NA,NA,NA,NA
"395B",3950002,"intact",489990,4858972,NA,NA,NA,NA
"328A",3280001,"intact",527656,4877806,NA,NA,NA,NA
"328B",3280002,"intact",527669,4877003,NA,NA,NA,NA
"575A",5750001,"intact",533486,4887442,NA,NA,NA,NA
"326B",3260002,"intact",533497,4889555,NA,NA,NA,NA
"504B",5040002,"historic",531169,4873823,NA,NA,NA,NA
"504A",5040001,"intact",531770,4873521,NA,NA,NA,NA
"504C",5040003,"intact",531748,4873493,NA,NA,NA,NA
"572B",5720002,"intact",527723,4872395,NA,NA,NA,NA
"572A",5720001,"intact",527627,4872373,NA,NA,NA,NA
"146A",1460001,"historic",530939,4876870,NA,NA,NA,NA
"146C",1460003,"intact",531156,4877540,NA,NA,NA,NA
"146D",1460004,"historic",530902,4876351,NA,NA,NA,NA
"402A",4020001,"intact",539131,4883520,NA,NA,NA,NA
"152B",1520002,"historic",540624,4885690,NA,NA,NA,NA
"152C",1520003,"historic",540600,4885660,NA,NA,NA,NA
"152D",1520004,"historic",540686,4885740,NA,NA,NA,NA
"152E",1520005,"historic",540640,4885620,NA,NA,NA,NA
"152F",1520006,"intact",540642,4885656,NA,NA,NA,NA
"370A",3700001,"historic",541588,4888640,NA,NA,NA,NA
"370B",3700002,"historic",541142,4887968,NA,NA,NA,NA
"508A",5080001,"historic",542064,4890999,NA,NA,NA,NA
"508B",5080002,"intact",542047,4890982,NA,NA,NA,NA
"429B",4290002,"historic",543151,4892714,NA,NA,NA,NA
"429C",4290003,"historic",543058,4892649,NA,NA,NA,NA
"429A",4290001,"historic",542953,4892395,NA,NA,NA,NA
"429D",4290004,"intact",544000,4891861,NA,NA,NA,NA
"307B",3070002,"historic",544675,4890872,NA,NA,NA,NA
"307A",3070001,"historic",544920,4891000,NA,NA,NA,NA
"307C",3070003,"intact",544758,4890949,NA,NA,NA,NA
"198A",1980001,"historic",545989,4886020,NA,NA,NA,NA
"198C",1980003,"historic",545965,4885998,NA,NA,NA,NA
"198B",1980002,"historic",545901,4885999,NA,NA,NA,NA
"198D",1980004,"intact",545965,4885993,NA,NA,NA,NA
"505C",5050003,"intact",549659,4887952,NA,NA,NA,NA
"505A",5050001,"historic",550354,4888143,NA,NA,NA,NA
"505B",5050002,"historic",550382,4888079,NA,NA,NA,NA
"633A",6330001,"historic",551024,4886224,NA,NA,NA,NA
"633B",6330002,"intact",550894,4886076,NA,NA,NA,NA
"023C",230003,"historic",551229,4886878,NA,NA,NA,NA
"023G",230007,"intact",551242,4886921,NA,NA,NA,NA
"150C",1500003,"historic",540763,4894320,NA,NA,NA,NA
"150D",1500004,"historic",540752,4894280,NA,NA,NA,NA
"150B",1500002,"historic",541016,4894230,NA,NA,NA,NA
"430C",4300003,"historic",542115,4896489,NA,NA,NA,NA
"430C",4300003,"historic",542115,4896489,NA,NA,NA,NA
"430C",4300003,"historic",542115,4896489,NA,NA,NA,NA
"430C",4300003,"historic",542115,4896489,NA,NA,NA,NA
"430C",4300003,"historic",542115,4896489,NA,NA,NA,NA
"430C",4300003,"historic",542115,4896489,NA,NA,NA,NA
"430C",4300003,"historic",542115,4896489,NA,NA,NA,NA
"430C",4300003,"historic",542115,4896489,NA,NA,NA,NA
"430B",4300002,"historic",543199,4895521,NA,NA,NA,NA
"430A",4300001,"historic",543193,4895544,NA,NA,NA,NA
"024C",240003,"historic",550093,4892240,NA,NA,NA,NA
"024A",240001,"historic",550296,4892232,NA,NA,NA,NA
"574B",5740002,"historic",551984,4890850,NA,NA,NA,NA
"024D",240004,"historic",550272,4892254,NA,NA,NA,NA
"669A",6690001,"intact",551261,4893084,NA,NA,NA,NA
"574A",5740001,"intact",552734,4891152,NA,NA,NA,NA
"313A",3130001,"historic",550599,4883172,NA,NA,NA,NA
"313B",3130002,"historic",550670,4883030,NA,NA,NA,NA
"313C",3130003,"historic",550662,4883018,NA,NA,NA,NA
"261A",2610001,"historic",550499,4899639,NA,NA,NA,NA
"404A",4040001,"intact",470568,4904209,NA,NA,NA,NA
"336A",3360001,"intact",485676,4915841,NA,NA,NA,NA
"392A",3920001,"intact",504119,4959000,NA,NA,NA,NA
"394B",3940002,"historic",525010,4902331,NA,NA,NA,NA
"394A",3940001,"historic",525156,4902140,NA,NA,NA,NA
"394C",3940003,"intact",525129,4902598,NA,NA,NA,NA
"254E",2540005,"historic",559855,4899600,NA,NA,NA,NA
"254D",2540004,"historic",560096,4899340,NA,NA,NA,NA
"254C",2540003,"intact",560224,4899330,NA,NA,NA,NA
"254F",2540006,"historic",560182,4899390,NA,NA,NA,NA
"445A",4450001,"intact",558468,4903647,NA,NA,NA,NA
"222C",2220003,"historic",622446,4969100,NA,NA,NA,NA
"222B",2220002,"intact",622312,4969220,NA,NA,NA,NA
"222A",2220001,"historic",622437,4968909,NA,NA,NA,NA
"222D",2220004,"intact",621136,4968677,NA,NA,NA,NA
"222E",2220005,"historic",621327,4971029,NA,NA,NA,NA
"160A",1600001,"historic",618406,4968794,NA,NA,NA,NA
"532A",5320001,"historic",475437,4846748,NA,NA,NA,NA
"463A",4630001,"intact",533713,4980102,NA,NA,NA,NA
"624A",6240001,"intact",588135,4950268,NA,NA,NA,NA
"452A",4520001,"intact",597243,4956956,NA,NA,NA,NA
"239A",2390001,"historic",561017,4978060,NA,NA,NA,NA
"239B",2390002,"intact",561022,4978010,NA,NA,NA,NA
"172A",1720001,"intact",542694,5003838,NA,NA,NA,NA
"259A",2590001,"historic",605430,5007360,NA,NA,NA,NA
"259B",2590002,"historic",605507,5007330,NA,NA,NA,NA
"061A",610001,"historic",616607,4973549,NA,NA,NA,NA
"059C",590003,"historic",620047,4962441,NA,NA,NA,NA
"059A",590001,"historic",620379,4961040,NA,NA,NA,NA
"059B",590002,"historic",620621,4960770,NA,NA,NA,NA
"059D",590004,"intact",620176,4962250,NA,NA,NA,NA
"055B",550002,"historic",620484,4935310,NA,NA,NA,NA
"055C",550003,"historic",620526,4935316,NA,NA,NA,NA
"055A",550001,"historic",620480,4935242,NA,NA,NA,NA
"047B",470002,"historic",596905,4925490,NA,NA,NA,NA
"049B",490002,"historic",598266,4931610,NA,NA,NA,NA
"215A",2150001,"historic",534058,4882850,NA,NA,NA,NA
"215C",2150003,"historic",534108,4882750,NA,NA,NA,NA
"215B",2150002,"historic",534048,4882700,NA,NA,NA,NA
"254A",2540001,"historic",562593,4901320,NA,NA,NA,NA
"254B",2540002,"historic",562567,4901240,NA,NA,NA,NA
"025C",250003,"historic",552056,4902480,NA,NA,NA,NA
"025A",250001,"historic",551647,4901262,NA,NA,NA,NA
"025B",250002,"historic",552240,4900846,NA,NA,NA,NA
"138C",1380003,"historic",560224,4889588,NA,NA,NA,NA
"138H",1380008,"intact",560246,4889612,NA,NA,NA,NA
"138D",1380004,"historic",560314,4889636,NA,NA,NA,NA
"138B",1380002,"historic",560047,4888920,NA,NA,NA,NA
"138G",1380007,"historic",559990,4888970,NA,NA,NA,NA
"138F",1380006,"intact",560064,4889010,NA,NA,NA,NA
"138E",1380005,"historic",560113,4889100,NA,NA,NA,NA
"043A",430001,"historic",577158,4908666,NA,NA,NA,NA
"043B",430002,"historic",577219,4908740,NA,NA,NA,NA
"043C",430003,"historic",577212,4908957,NA,NA,NA,NA
"043D",430004,"historic",577201,4908770,NA,NA,NA,NA
"043E",430005,"historic",577220,4908829,NA,NA,NA,NA
"043G",430007,"historic",577115,4908705,NA,NA,NA,NA
"043F",430006,"historic",577191,4908744,NA,NA,NA,NA
"043H",430008,"historic",577160,4908940,NA,NA,NA,NA
"043I",430009,"intact",577165,4908890,NA,NA,NA,NA
"138A",1380001,"historic",560417,4891410,NA,NA,NA,NA
"427A",4270001,"intact",637618,4940940,NA,NA,NA,NA
"427B",4270002,"historic",637680,4940940,NA,NA,NA,NA
"335C",3350003,"intact",456576,4873578,NA,NA,NA,NA
"541B",5410002,"intact",438870,4896296,NA,NA,NA,NA
"491C",4910003,"intact",448143,4930358,NA,NA,NA,NA
"635A",6350001,"intact",445841,4926884,NA,NA,NA,NA
"634A",6340001,"intact",438536,4901216,NA,NA,NA,NA
"501C",5010003,"intact",508760,4852144,NA,NA,NA,NA
"191D",1910004,"intact",493439,4868541,NA,NA,NA,NA
"472B",4720002,"intact",495257,4873311,NA,NA,NA,NA
"107F",1070006,"intact",508304,4877656,NA,NA,NA,NA
"215D",2150004,"intact",534114,4883141,NA,NA,NA,NA
"193E",1930005,"intact",513235,4901475,NA,NA,NA,NA
"554B",5540002,"intact",529315,4888170,NA,NA,NA,NA
"478D",4780004,"intact",530818,4896899,NA,NA,NA,NA
"246C",2460003,"intact",543731,4906821,NA,NA,NA,NA
"310B",3100002,"intact",576477,4911185,NA,NA,NA,NA
"313D",3130004,"intact",550718,4883014,NA,NA,NA,NA
"346B",3460002,"intact",551499,4919476,NA,NA,NA,NA
"637A",6370001,"intact",420800,4853870,NA,NA,NA,NA
"063E",630005,"intact",646030,4966314,NA,NA,NA,NA
"485C",4850003,"intact",649335,4968786,NA,NA,NA,NA
"500B",5000002,"intact",515102,4936887,NA,NA,NA,NA
"465B",4650002,"intact",453917,4896722,NA,NA,NA,NA
"638A",6380001,"intact",458451,4903768,NA,NA,NA,NA
"403B",4030002,"intact",470618,4893827,NA,NA,NA,NA
"408C",4080003,"historic",403006,4889635,NA,NA,NA,NA
"211D",2110004,"intact",643165,4945765,NA,NA,NA,NA
"111G",1110007,"intact",619472,4938178,NA,NA,NA,NA
"316E",3160005,"intact",427035,4856893,NA,NA,NA,NA
"149D",1490004,"intact",538334,5025567,NA,NA,NA,NA
"154E",1540005,"intact",536891,5024473,NA,NA,NA,NA
"406B",4060002,"intact",476701,4883813,NA,NA,NA,NA
"641A",6410001,"intact",478663,4951027,NA,NA,NA,NA
"640A",6400001,"intact",564472,4924188,NA,NA,NA,NA
"199C",1990003,"intact",523142,4962981,NA,NA,NA,NA
"587B",5870002,"intact",425140,4911164,NA,NA,NA,NA
"630B",6300002,"historic",416353,4898536,NA,NA,NA,NA
"341C",3410003,"intact",416797,4927886,NA,NA,NA,NA
"643A",6430001,"intact",449115,4951464,NA,NA,NA,NA
"644A",6440001,"intact",404411,4841747,NA,NA,NA,NA
"645A",6450001,"intact",447999,4872252,NA,NA,NA,NA
"646A",6460001,"intact",549771,4909400,NA,NA,NA,NA
"483A",4830001,"historic",387322,5004012,NA,NA,NA,NA
"486B",4860002,"intact",343540,4995783,NA,NA,NA,NA
"647A",6470001,"intact",573833,5174749,NA,NA,NA,NA
"190F",1900006,"intact",547760,5044969,NA,NA,NA,NA
"487B",4870002,"intact",516727,5124857,NA,NA,NA,NA
"372B",3720002,"intact",587635,5098666,NA,NA,NA,NA
"642A",6420001,"intact",535072,5107136,NA,NA,NA,NA
"618B",6180002,"intact",439246,4885844,NA,NA,NA,NA
"563B",5630002,"intact",445597,4868637,NA,NA,NA,NA
"639A",6390001,"intact",454301,4868476,NA,NA,NA,NA
"589B",5890002,"intact",445630,4849164,NA,NA,NA,NA
"292D",2920004,"historic",452749,4846807,NA,NA,NA,NA
"330B",3300002,"intact",526512,5128624,NA,NA,NA,NA
"116E",1160005,"intact",515295,5187775,NA,NA,NA,NA
"648A",6480001,"intact",484564,5012155,NA,NA,NA,NA
"650A",6500001,"historic",457327,5080292,NA,NA,NA,NA
"649A",6490001,"intact",348127,4973684,NA,NA,NA,NA
"566B",5660002,"intact",358904,4981502,NA,NA,NA,NA
"657A",6570001,"intact",390704,4927467,NA,NA,NA,NA
"600B",6000002,"intact",359581,4769522,NA,NA,NA,NA
"660A",6600001,"intact",493793,4890357,NA,NA,NA,NA
"370C",3700003,"intact",540422,4888464,NA,NA,NA,NA
"499B",4990002,"intact",480960,4870577,NA,NA,NA,NA
"314G",3140007,"intact",541562,4901841,NA,NA,NA,NA
"429E",4290005,"intact",543148,4892383,NA,NA,NA,NA
"430C",4300003,"historic",543205,4895457,NA,NA,NA,NA
"430C",4300003,"historic",543205,4895457,NA,NA,NA,NA
"430C",4300003,"historic",543205,4895457,NA,NA,NA,NA
"430C",4300003,"historic",543205,4895457,NA,NA,NA,NA
"430C",4300003,"historic",543205,4895457,NA,NA,NA,NA
"430C",4300003,"historic",543205,4895457,NA,NA,NA,NA
"430C",4300003,"historic",543205,4895457,NA,NA,NA,NA
"430C",4300003,"historic",543205,4895457,NA,NA,NA,NA
"017F",170006,"intact",516455,4891970,NA,NA,NA,NA
"582B",5820002,"intact",517381,4887705,NA,NA,NA,NA
"654A",6540001,"historic",487557,4921078,NA,NA,NA,NA
"475C",4750003,"intact",587456,4935350,NA,NA,NA,NA
"340E",3400005,"intact",506252,4903438,NA,NA,NA,NA
"187E",1870005,"intact",583168,4916595,NA,NA,NA,NA
"272D",2720004,"intact",440212,4882812,NA,NA,NA,NA
"639B",6390002,"intact",453732,4867307,NA,NA,NA,NA
"541A",5410001,"intact",438886,4896173,NA,NA,NA,NA
"053D",530004,"intact",615049,4928833,NA,NA,NA,NA
"119G",1190007,"intact",614059,4927117,NA,NA,NA,NA
"564D",5640004,"intact",611251,4930815,NA,NA,NA,NA
"606B",6060002,"intact",601480,4929770,NA,NA,NA,NA
"046G",460007,"intact",592271,4922334,NA,NA,NA,NA
"665A",6650001,"intact",594184,4926349,NA,NA,NA,NA
"663A",6630001,"intact",560812,4970378,NA,NA,NA,NA
"664A",6640001,"intact",626893,4968356,NA,NA,NA,NA
"060D",600004,"intact",629709,4960465,NA,NA,NA,NA
"661A",6610001,"intact",431593,4850361,NA,NA,NA,NA
"662A",6620001,"intact",427616,4841310,NA,NA,NA,NA
"301C",3010003,"intact",422456,5003958,NA,NA,NA,NA
"658A",6580001,"intact",590796,5015317,NA,NA,NA,NA
"659A",6590001,"intact",458034,5014408,NA,NA,NA,NA
"601B",6010002,"intact",439426,4889608,NA,NA,NA,NA
"381B",3810002,"intact",645913,4972025,NA,NA,NA,NA
"410D",4100004,"intact",428978,4907335,NA,NA,NA,NA
"407D",4070004,"intact",412233,4890971,NA,NA,NA,NA
"048G",480007,"intact",595060,4929951,NA,NA,NA,NA
"573B",5730002,"historic",540748,4926447,NA,NA,NA,NA
"009G",90007,"intact",433842,4872681,NA,NA,NA,NA
"026F",260006,"intact",553947,4911617,NA,NA,NA,NA
"668A",6680001,"intact",568674,4982569,NA,NA,NA,NA
"165D",1650004,"intact",657588,4970441,NA,NA,NA,NA
"308B",3080002,"intact",449076,4918021,NA,NA,NA,NA
"587C",5870003,"intact",423926,4910638,NA,NA,NA,NA
"341D",3410004,"intact",416646,4928206,NA,NA,NA,NA
"652A",6520001,"intact",535102,4914024,NA,NA,NA,NA
"667A",6670001,"intact",371811,4900893,NA,NA,NA,NA
"670A",6700001,"intact",508329,5011586,NA,NA,NA,NA
"671A",6710001,"intact",421775,4916764,NA,NA,NA,NA
"672A",6720001,"intact",535689,4904772,NA,NA,NA,NA
"673A",6730001,"intact",427054,4927801,NA,NA,NA,NA
"231D",2310004,"intact",457685,4975095,NA,NA,NA,NA
"199D",1990004,"intact",523281,4963269,NA,NA,NA,NA
"675A",6750001,"intact",438799,4964171,NA,NA,NA,NA
"225B",2250002,"intact",354759,4977094,NA,NA,NA,NA
"252E",2520005,"intact",354631,4970747,NA,NA,NA,NA
"156F",1560006,"intact",395255,5007845,NA,NA,NA,NA
"334C",3340003,"intact",410259,4871615,NA,NA,NA,NA
"189F",1890006,"intact",583251,5020313,NA,NA,NA,NA
"676A",6760001,"intact",496469,4909768,NA,NA,NA,NA
"487C",4870003,"intact",517024,5125764,NA,NA,NA,NA
"457B",4570002,"intact",525344,4967564,NA,NA,NA,NA
"632B",6320002,"intact",375798,4852054,NA,NA,NA,NA
"656A",6560001,"intact",420473,4857030,NA,NA,NA,NA
"275E",2750005,"intact",476495,4985769,NA,NA,NA,NA
"651A",6510001,"intact",472569,5056511,NA,NA,NA,NA
"192C",1920003,"intact",439446,4886985,NA,NA,NA,NA
"580B",5800002,"intact",428326,4893912,NA,NA,NA,NA
"630C",6300003,"intact",416854,4897700,NA,NA,NA,NA
"164D",1640004,"intact",626984,4954310,NA,NA,NA,NA
"678A",6780001,"intact",632592,4946904,NA,NA,NA,NA
"408D",4080004,"intact",403044,4889584,NA,NA,NA,NA
"412B",4120002,"intact",404228,4926554,NA,NA,NA,NA
"500C",5000003,"intact",514983,4936949,NA,NA,NA,NA
"537B",5370002,"intact",408280,4914834,NA,NA,NA,NA
"654B",6540002,"intact",487604,4919868,NA,NA,NA,NA
"655A",6550001,"historic",420312,4843606,NA,NA,NA,NA
"677A",6770001,"intact",418866,4854517,NA,NA,NA,NA
"679A",6790001,"intact",576381,5162425,NA,NA,NA,NA
"308C",3080003,"intact",448360,4917317,NA,NA,NA,NA
"555C",5550003,"intact",449139,4933533,NA,NA,NA,NA
"252F",2520006,"intact",354275,4970430,NA,NA,NA,NA
"551B",5510002,"intact",449854,5040669,NA,NA,NA,NA
"680A",6800001,"intact",450876,4931770,NA,NA,NA,NA
"518B",5180002,"intact",574127,5167696,NA,NA,NA,NA
"512B",5120002,"intact",453309,4932988,NA,NA,NA,NA
"008K",80011,"intact",436527,4877831,NA,NA,NA,NA
"099B",990002,"intact",433982,4872770,NA,NA,NA,NA
"379D",3790004,"intact",430070,4862212,NA,NA,NA,NA
"588B",5880002,"intact",426725,4851609,NA,NA,NA,NA
"681A",6810001,"intact",410356,4840178,NA,NA,NA,NA
"479C",4790003,"intact",415064,4846272,NA,NA,NA,NA
"683A",6830001,"intact",354610,4984222,NA,NA,NA,NA
"682A",6820001,"intact",590538,5020151,NA,NA,NA,NA
"521C",5210003,"intact",526888,4934489,NA,NA,NA,NA
"483C",4830003,"intact",388331,5004670,NA,NA,NA,NA
"351B",3510002,"intact",435550,4865505,NA,NA,NA,NA
"258C",2580003,"intact",577137,5015762,NA,NA,NA,NA
"240C",2400003,"intact",446789,4863292,NA,NA,NA,NA
"684A",6840001,"intact",513196,4953887,NA,NA,NA,NA
"085G",850007,"intact",589422,5052090,NA,NA,NA,NA
"650B",6500002,"intact",457120,5080296,NA,NA,NA,NA
"171G",1710007,"intact",642810,4973244,NA,NA,NA,NA
"262C",2620003,"intact",445217,4924265,NA,NA,NA,NA
"366C",3660003,"intact",651674,4957415,NA,NA,NA,NA
"685A",6850001,"intact",478251,4900352,NA,NA,NA,NA
"540B",5400002,"intact",460511,4941430,NA,NA,NA,NA
"092H",920008,"intact",456470,5066150,NA,NA,NA,NA
"230B",2300002,"intact",346508,4891174,NA,NA,NA,NA
"686A",6860001,"intact",366041,4881423,NA,NA,NA,NA
